filename,words
61.7_ 24122022 230753.jpeg,61.7
.956_ 12122022 123154.jpeg,.956
4.50_ 19122022 233129.jpeg,4.50
.815_ 12122022 121208.jpeg,.815
.641_ 12122022 114613.jpeg,.641
.829_ 12122022 121407.jpeg,.829
9.99_ 19122022 230902.jpeg,9.99
.106_binary.jpeg,.106
-0.36_ 19122022 215617.jpeg,-0.36
.089_ 12122022 095149.jpeg,.089
13.70_ 19122022 225522.jpeg,13.70
-1.60_ 19122022 235334.jpeg,-1.60
.769_ 12122022 120520.jpeg,.769
.999_ 12122022 123707.jpeg,.999
161.3_ 24122022 232435.jpeg,161.3
.284_ 12122022 103313.jpeg,.284
.563_ 12122022 112639.jpeg,.563
-46.5_ 25122022 00409.jpeg,-46.5
.442_ 12122022 111058.jpeg,.442
.509_ 12122022 112034.jpeg,.509
.789_ 12122022 120803.jpeg,.789
.944_ 12122022 123043.jpeg,.944
.761_ 12122022 120407.jpeg,.761
.044_ 12122022 094644.jpeg,.044
-18.40_ 20122022 04147.jpeg,-18.40
0.97_ 19122022 211538.jpeg,0.97
.100_ 12122022 095317.jpeg,.100
.885_ 12122022 122204.jpeg,.885
-14.40_ 20122022 10016.jpeg,-14.40
.532_ 12122022 112320.jpeg,.532
56.8_ 25122022 00615.jpeg,56.8
188.4_ 24122022 232346.jpeg,188.4
08.1_ 24122022 225849.jpeg,08.1
-18.20_ 20122022 04112.jpeg,-18.20
.020_ 12122022 094340.jpeg,.020
.431_ 12122022 110936.jpeg,.431
0.22_ 19122022 210218.jpeg,0.22
.669_ 12122022 115048.jpeg,.669
-0.98_ 19122022 221807.jpeg,-0.98
.565_ 12122022 112706.jpeg,.565
.683_ 12122022 115241.jpeg,.683
.351_ 12122022 105908.jpeg,.351
.338_ 12122022 105733.jpeg,.338
-19.27_ 20122022 04523.jpeg,-19.27
149.0_ 25122022 00850.jpeg,149.0
-0.12_ 19122022 212428.jpeg,-0.12
-0.84_ 19122022 212227.jpeg,-0.84
1.50_ 19122022 234526.jpeg,1.50
.031_ 12122022 094506.jpeg,.031
0.39_ 19122022 210557.jpeg,0.39
.399_ 12122022 110458.jpeg,.399
9_ 12122022 125933.jpeg,9
.151_ 12122022 101505.jpeg,.151
14.00_ 19122022 225353.jpeg,14.00
.511_ 12122022 112055.jpeg,.511
.100_ 12122022 095310.jpeg,.100
.612_ 12122022 113555.jpeg,.612
-6.80_ 19122022 235815.jpeg,-6.80
.394_ 12122022 110424.jpeg,.394
1.03_ 19122022 222343.jpeg,1.03
-97.6_ 25122022 00358.jpeg,-97.6
0.57_ 19122022 210520.jpeg,0.57
0._ 12122022 124447.jpeg,0.
11.00_ 19122022 230427.jpeg,11.00
-0.59_ 19122022 214733.jpeg,-0.59
10.10_ 19122022 230822.jpeg,10.10
.446_ 12122022 111119.jpeg,.446
-11.40_ 20122022 01158.jpeg,-11.40
-0.65_ 19122022 220208.jpeg,-0.65
.634_ 12122022 114508.jpeg,.634
-12.10_ 20122022 01003.jpeg,-12.10
-55.7_ 25122022 01319.jpeg,-55.7
-46.2_ 25122022 00201.jpeg,-46.2
189.8_ 25122022 01104.jpeg,189.8
0_ 12122022 124133.jpeg,0
.904_ 12122022 122427.jpeg,.904
.753_ 12122022 120310.jpeg,.753
-188.0_ 25122022 01157.jpeg,-188.0
38.0_ 25122022 00426.jpeg,38.0
0.96_ 19122022 211544.jpeg,0.96
.907_ 12122022 122448.jpeg,.907
0.54_ 19122022 210339.jpeg,0.54
84.0_ 25122022 00828.jpeg,84.0
0_ 12122022 124011.jpeg,0
8_ 12122022 125950.jpeg,8
.765_ 12122022 120456.jpeg,.765
10.4_ 25122022 00522.jpeg,10.4
.251_.jpeg,.251
.681_ 12122022 115225.jpeg,.681
-0.62_ 19122022 220223.jpeg,-0.62
-11.20_ 19122022 235843.jpeg,-11.20
.378_ 12122022 110241.jpeg,.378
07.5_ 24122022 225831.jpeg,07.5
.256_ 12122022 102930.jpeg,.256
.415_ 12122022 110654.jpeg,.415
16.60_ 19122022 224436.jpeg,16.60
17.40_ 19122022 224116binary.jpeg,17.40
-0.50_ 19122022 214513.jpeg,-0.50
-80.2_ 24122022 232756.jpeg,-80.2
7.26_ 19122022 232108.jpeg,7.26
.171_ 12122022 101714.jpeg,.171
-136.5_ 25122022 00355.jpeg,-136.5
163.5_ 25122022 00605.jpeg,163.5
-12.4_ 24122022 232758.jpeg,-12.4
104.4_ 24122022 232424.jpeg,104.4
05.8_ 24122022 225705.jpeg,05.8
.899_ 12122022 122337.jpeg,.899
-1.02_ 19122022 222246.jpeg,-1.02
-34.2_ 25122022 00330.jpeg,-34.2
.535_ 12122022 112340.jpeg,.535
18.80_ 19122022 223617.jpeg,18.80
.934_ 12122022 122850.jpeg,.934
.699_ 12122022 115443.jpeg,.699
-16.20_ 20122022 10617.jpeg,-16.20
3_ 12122022 125157.jpeg,3
0._ 12122022 124442.jpeg,0.
-175.9_ 25122022 00352.jpeg,-175.9
.146_ 12122022 101431binary.jpeg,.146
10.5_ 25122022 01020.jpeg,10.5
-0.18_ 19122022 213644.jpeg,-0.18
.253_ 12122022 102909.jpeg,.253
61.8_ 24122022 230732.jpeg,61.8
.748_ 12122022 120238.jpeg,.748
-0.68_ 19122022 221145.jpeg,-0.68
.981_ 12122022 123506.jpeg,.981
.680_ 12122022 115209.jpeg,.680
.540_ 12122022 112408.jpeg,.540
.894_ 12122022 122302.jpeg,.894
-112.2_ 25122022 00344.jpeg,-112.2
.902_ 12122022 122413.jpeg,.902
7.90_ 19122022 231914.jpeg,7.90
.520_ 12122022 112158.jpeg,.520
.004_ 12122022 093026.jpeg,.004
2.50_ 19122022 233622.jpeg,2.50
169.3_ 25122022 00539.jpeg,169.3
.387_ 12122022 110336.jpeg,.387
.308_ 12122022 105357.jpeg,.308
3.60_ 19122022 233852.jpeg,3.60
0.21_ 19122022 210113.jpeg,0.21
.652_ 12122022 114736.jpeg,.652
15.80_ 19122022 224708.jpeg,15.80
.478_ 12122022 111505.jpeg,.478
19.00_ 19122022 223334.jpeg,19.00
1.60_ 19122022 234653binary.jpeg,1.60
-119.0_ 25122022 00225.jpeg,-119.0
-0.56_ 19122022 214800.jpeg,-0.56
7._ 12122022 124752.jpeg,7.
86.3_ 25122022 00458.jpeg,86.3
174.0_ 24122022 232658.jpeg,174.0
.477_ 12122022 111458.jpeg,.477
1_ 12122022 130150.jpeg,1
12.30_ 19122022 230013.jpeg,12.30
2.20_ 19122022 233652.jpeg,2.20
162.8_ 25122022 00447.jpeg,162.8
07.2_ 24122022 225318.jpeg,07.2
13.60_ 19122022 225534.jpeg,13.60
57.1_ 25122022 01124.jpeg,57.1
-11.49_ 20122022 01114.jpeg,-11.49
81.5_ 25122022 01121.jpeg,81.5
0._ 12122022 124440.jpeg,0.
.132_ 12122022 101219.jpeg,.132
.849_ 12122022 121656.jpeg,.849
0_ 12122022 130334.jpeg,0
113.1_ 24122022 232515.jpeg,113.1
.185_.jpeg,.185
.020_ 12122022 094333.jpeg,.020
.444_ 12122022 111105.jpeg,.444
0.34_ 19122022 210808.jpeg,0.34
4_ 12122022 125139.jpeg,4
-16.89_ 20122022 05124.jpeg,-16.89
0.79_ 19122022 211322.jpeg,0.79
74.8_ 24122022 232414.jpeg,74.8
.938_ 12122022 122940.jpeg,.938
.651_ 12122022 114727.jpeg,.651
6._ 12122022 124736.jpeg,6.
9.88_ 19122022 231023.jpeg,9.88
.543_ 12122022 112435.jpeg,.543
-16.50_ 20122022 05015.jpeg,-16.50
.089_ 12122022 095142.jpeg,.089
.584_ 12122022 112940.jpeg,.584
.343_ 12122022 105807.jpeg,.343
134.4_ 24122022 232430.jpeg,134.4
-68.9_ 24122022 232732.jpeg,-68.9
.107_ 12122022 095904.jpeg,.107
-14.50_ 20122022 10026.jpeg,-14.50
24.5_ 24122022 230339.jpeg,24.5
3_ 12122022 125159.jpeg,3
3._ 12122022 124624.jpeg,3.
-4.00_ 20122022 02604.jpeg,-4.00
69.7_ 25122022 00826.jpeg,69.7
10.40_ 19122022 230754.jpeg,10.40
.114_ 12122022 095451.jpeg,.114
191.4_ 24122022 232440.jpeg,191.4
163.2_ 25122022 00549.jpeg,163.2
.768_ 12122022 120512.jpeg,.768
-0.61_ 19122022 204820.jpeg,-0.61
.995_ 12122022 123631.jpeg,.995
.537_ 12122022 112347.jpeg,.537
23.8_ 24122022 230243.jpeg,23.8
5._ 12122022 124717.jpeg,5.
.677_ 12122022 115145.jpeg,.677
08.4_ 25122022 00432.jpeg,08.4
.063_.jpeg,.063
.166_ 12122022 101647.jpeg,.166
188.8_ 24122022 231308.jpeg,188.8
.243_ 12122022 102808.jpeg,.243
4.20_ 19122022 233312binary.jpeg,4.20
.104_ 12122022 095940.jpeg,.104
197.0_ 24122022 231858.jpeg,197.0
.754_ 12122022 120318.jpeg,.754
-84.8_ 25122022 01215.jpeg,-84.8
4_ 12122022 130743.jpeg,4
.751_ 12122022 120302.jpeg,.751
.106_.jpeg,.106
.095_ 12122022 095229.jpeg,.095
108.7_ 24122022 232333.jpeg,108.7
7._ 12122022 124756.jpeg,7.
.026_ 12122022 094421.jpeg,.026
4_ 12122022 130100binary.jpeg,4
19.80_ 19122022 223022.jpeg,19.80
.947_ 12122022 123050.jpeg,.947
1.07_ 19122022 222525.jpeg,1.07
-39.2_ 25122022 01236.jpeg,-39.2
10.3_ 25122022 00507.jpeg,10.3
21.0_ 25122022 00818.jpeg,21.0
12.50_ 19122022 225953.jpeg,12.50
0_ 12122022 130330.jpeg,0
10.89_ 19122022 230437.jpeg,10.89
1_ 12122022 130143.jpeg,1
.574_ 12122022 112802.jpeg,.574
.961_ 12122022 123237.jpeg,.961
.323_ 12122022 105544.jpeg,.323
.177_ 12122022 101755.jpeg,.177
19.6_ 25122022 00910.jpeg,19.6
123.6_ 25122022 00451.jpeg,123.6
0.19_ 19122022 210126.jpeg,0.19
.901_ 12122022 122358.jpeg,.901
12.40_ 19122022 230002.jpeg,12.40
-0.15_ 19122022 212323.jpeg,-0.15
5_ 12122022 130051.jpeg,5
8_ 12122022 131054.jpeg,8
-126.8_ 25122022 00356.jpeg,-126.8
63.8_ 24122022 232507.jpeg,63.8
2_ 12122022 130544binary.jpeg,2
-189.4_ 25122022 01156.jpeg,-189.4
.734_ 12122022 115953binary.jpeg,.734
.568_ 12122022 112720.jpeg,.568
16.40_ 19122022 224509.jpeg,16.40
-10.10_ 20122022 01733.jpeg,-10.10
.620_ 12122022 113932.jpeg,.620
9_ 12122022 124958.jpeg,9
-30.7_ 25122022 00250.jpeg,-30.7
-111.9_ 25122022 00303.jpeg,-111.9
171.7_ 25122022 00603.jpeg,171.7
.357_ 12122022 110010binary.jpeg,.357
.692_ 12122022 115338.jpeg,.692
.593_ 12122022 113042.jpeg,.593
-2.10_ 19122022 235445.jpeg,-2.10
.301_ 12122022 105303.jpeg,.301
.527_ 12122022 112239.jpeg,.527
8_ 12122022 125020.jpeg,8
2._ 12122022 124612.jpeg,2.
-40.1_ 24122022 232813.jpeg,-40.1
132.0_ 24122022 232213.jpeg,132.0
10.1_ 25122022 01021.jpeg,10.1
.359_ 12122022 110024.jpeg,.359
15.2_ 25122022 00816.jpeg,15.2
3.35_ 19122022 233956.jpeg,3.35
.335_ 12122022 105712.jpeg,.335
173.2_ 25122022 00602.jpeg,173.2
11.58_ 19122022 230202.jpeg,11.58
-3.90_ 20122022 02624.jpeg,-3.90
5.99_ 19122022 232411.jpeg,5.99
.854_ 12122022 121737.jpeg,.854
.765_12122022 120439.jpeg,.765
.901_ 12122022 122405.jpeg,.901
.395_ 12122022 110431.jpeg,.395
58.9_ 24122022 232410.jpeg,58.9
-2.20_ 19122022 235430.jpeg,-2.20
.905_ 12122022 122434.jpeg,.905
.981_ 12122022 123459.jpeg,.981
.671_ 12122022 115056.jpeg,.671
8_ 12122022 131108.jpeg,8
189.5_ 25122022 01103.jpeg,189.5
-188.6_ 25122022 01150.jpeg,-188.6
.385_ 12122022 110322.jpeg,.385
.427_ 12122022 110916.jpeg,.427
-0.35_ 19122022 215657.jpeg,-0.35
21.1_ 25122022 01029.jpeg,21.1
.123_ 12122022 100601.jpeg,.123
.402_ 12122022 110505.jpeg,.402
.554_ 12122022 112544.jpeg,.554
.409_ 12122022 110546.jpeg,.409
-13.40_ 20122022 00514.jpeg,-13.40
.774_ 12122022 120609.jpeg,.774
-29.8_ 25122022 00200.jpeg,-29.8
0.00_ 19122022 205253.jpeg,0.00
.711_ 12122022 115638.jpeg,.711
5_ 12122022 130805.jpeg,5
4._ 12122022 124651.jpeg,4.
-0.79_ 19122022 221901.jpeg,-0.79
.786_ 12122022 120739.jpeg,.786
.300_.jpeg,.300
14.90_ 19122022 225034.jpeg,14.90
21.3_ 24122022 230211.jpeg,21.3
.068_ 12122022 094919.jpeg,.068
0.25_ 19122022 210020.jpeg,0.25
53.3_ 24122022 232607.jpeg,53.3
0.03_ 19122022 205423.jpeg,0.03
.556_ 12122022 112611.jpeg,.556
.905_ 12122022 122441.jpeg,.905
-18.80_ 20122022 04345.jpeg,-18.80
0.05_ 19122022 205548.jpeg,0.05
17.00_ 19122022 224243.jpeg,17.00
.219_ 12122022 102457.jpeg,.219
-25.3_ 25122022 01224.jpeg,-25.3
121.7_ 25122022 00855.jpeg,121.7
189.3_ 24122022 231043.jpeg,189.3
.101_ 12122022 095323.jpeg,.101
.732_ 12122022 115929.jpeg,.732
.915_ 12122022 122546.jpeg,.915
.990_ 12122022 123556.jpeg,.990
.389_ 12122022 110350.jpeg,.389
4._ 12122022 124649.jpeg,4.
.680_ 12122022 115201.jpeg,.680
133.7_ 24122022 232652.jpeg,133.7
-2.90_ 20122022 02339binary.jpeg,-2.90
95.1_ 24122022 232342.jpeg,95.1
11.70_ 19122022 230143.jpeg,11.70
-9.50_ 20122022 01528.jpeg,-9.50
.374_ 12122022 110207.jpeg,.374
.853_ 12122022 121720.jpeg,.853
.001_ 12122022 092940binary.jpeg,.001
-11.11_ 19122022 235853.jpeg,-11.11
10.2_ 24122022 232500.jpeg,10.2
.092_ 12122022 095209.jpeg,.092
.576_ 12122022 112816.jpeg,.576
-160.4_ 24122022 232820.jpeg,-160.4
24.5_ 25122022 01127.jpeg,24.5
-15.20_ 20122022 10149.jpeg,-15.20
169.0_ 25122022 01057.jpeg,169.0
0.65_ 19122022 211232.jpeg,0.65
8.01_ 19122022 231804.jpeg,8.01
0.11_ 19122022 205651.jpeg,0.11
5.90_ 19122022 232638.jpeg,5.90
25.2_ 25122022 00815.jpeg,25.2
0.15_ 19122022 205918.jpeg,0.15
6_ 12122022 130905.jpeg,6
-1.05_ 19122022 222217.jpeg,-1.05
0_ 12122022 130211.jpeg,0
7._ 12122022 124758.jpeg,7.
0.55_ 19122022 210332.jpeg,0.55
1._ 12122022 123806.jpeg,1.
.698_ 12122022 115435.jpeg,.698
179.1_ 25122022 01110.jpeg,179.1
3.70_ 19122022 234100.jpeg,3.70
.472_ 12122022 111431.jpeg,.472
7_ 12122022 130927.jpeg,7
196.1_ 25122022 00843.jpeg,196.1
.345_ 12122022 105821.jpeg,.345
16.90_ 19122022 224259.jpeg,16.90
.199_ 12122022 102247.jpeg,.199
-41.2_ 25122022 00252.jpeg,-41.2
1._ 12122022 123805.jpeg,1.
8_ 12122022 125958.jpeg,8
-0.90_ 19122022 212254.jpeg,-0.90
3_ 12122022 130702.jpeg,3
8.60_ 19122022 231528binary.jpeg,8.60
-9.60_ 20122022 01540.jpeg,-9.60
99.8_ 24122022 232646.jpeg,99.8
-190.2_ 25122022 00213.jpeg,-190.2
8_ 12122022 125029.jpeg,8
-15.10_ 20122022 10136.jpeg,-15.10
1_ 12122022 125411.jpeg,1
.937_ 12122022 122918.jpeg,.937
.293_ 12122022 103434.jpeg,.293
-164.0_ 25122022 01203.jpeg,-164.0
.368_ 12122022 110132.jpeg,.368
.259_ 12122022 102957.jpeg,.259
.217_ 12122022 102436.jpeg,.217
.633_ 12122022 114500.jpeg,.633
19.30_ 19122022 223224.jpeg,19.30
-7.50_ 20122022 02127.jpeg,-7.50
4.30_ 19122022 233151.jpeg,4.30
.316_ 12122022 105503.jpeg,.316
.983_ 12122022 123513.jpeg,.983
114.7_ 25122022 01045.jpeg,114.7
81.1_ 24122022 232418.jpeg,81.1
0.83_ 19122022 211340.jpeg,0.83
-0.22_ 19122022 215324.jpeg,-0.22
.997_ 12122022 123652.jpeg,.997
.141_ 12122022 101351.jpeg,.141
.516_ 12122022 112123.jpeg,.516
26.1_ 24122022 232556.jpeg,26.1
2_ 12122022 130128.jpeg,2
0.29_ 19122022 210307.jpeg,0.29
2_ 12122022 130135.jpeg,2
6.70_ 19122022 232235.jpeg,6.70
-1.00_ 19122022 222306.jpeg,-1.00
.066_ 12122022 094913.jpeg,.066
.232_ 12122022 102612.jpeg,.232
-0.43_ 19122022 214907.jpeg,-0.43
0.30_ 19122022 210314.jpeg,0.30
.168_ 12122022 101701.jpeg,.168
8.20_ 19122022 231645.jpeg,8.20
10.00_ 19122022 230834.jpeg,10.00
-1.90_ 19122022 235556.jpeg,-1.90
66.7_ 24122022 230633.jpeg,66.7
14.40_ 19122022 225257.jpeg,14.40
136.6_ 24122022 232344.jpeg,136.6
.513_ 12122022 112109.jpeg,.513
189.0_ 24122022 231332.jpeg,189.0
.169_ 12122022 101707.jpeg,.169
.282_ 12122022 103252.jpeg,.282
-19.60_ 20122022 04648.jpeg,-19.60
1_ 12122022 125413.jpeg,1
.848_ 12122022 121640.jpeg,.848
.701_ 12122022 115524.jpeg,.701
0.68_ 19122022 211217.jpeg,0.68
18.70_ 19122022 223543.jpeg,18.70
.972_ 12122022 123355.jpeg,.972
.078_ 12122022 095027.jpeg,.078
.214_ 12122022 102416.jpeg,.214
.921_ 12122022 122723.jpeg,.921
.039_ 12122022 094603.jpeg,.039
2_ 12122022 130535.jpeg,2
-13.20_ 20122022 00551.jpeg,-13.20
.341_ 12122022 105753.jpeg,.341
.549_ 12122022 112510.jpeg,.549
11.80_ 19122022 230114.jpeg,11.80
6_ 12122022 130859.jpeg,6
0.78_ 19122022 211318.jpeg,0.78
-8.50_ 20122022 01847.jpeg,-8.50
-116.3_ 25122022 00345.jpeg,-116.3
7._ 12122022 124754.jpeg,7.
9._ 12122022 124831.jpeg,9.
6_ 12122022 125105.jpeg,6
-105.5_ 25122022 01143.jpeg,-105.5
.191_ 12122022 102144.jpeg,.191
.105_ 12122022 100157.jpeg,.105
70.0_ 25122022 00527.jpeg,70.0
21.3_ 25122022 00428.jpeg,21.3
-0.72_ 19122022 220012.jpeg,-0.72
.115_ 12122022 100507.jpeg,.115
-11.10_ 19122022 235901.jpeg,-11.10
5_ 12122022 130049.jpeg,5
9._ 12122022 124833.jpeg,9.
.087_ 12122022 095135.jpeg,.087
14.30_ 19122022 225307.jpeg,14.30
-196.3_ 25122022 00214.jpeg,-196.3
7_ 12122022 130015.jpeg,7
7_ 12122022 130008.jpeg,7
-6.60_ 19122022 235753.jpeg,-6.60
.936_ 12122022 122911.jpeg,.936
.149_ 12122022 101445.jpeg,.149
-146.9_ 25122022 01311.jpeg,-146.9
49.7_ 25122022 00519.jpeg,49.7
-48.7_ 24122022 232730.jpeg,-48.7
4_ 12122022 125148.jpeg,4
.216_ 12122022 102429.jpeg,.216
0.01_ 19122022 205457.jpeg,0.01
21.1_ 24122022 230227.jpeg,21.1
.334_ 12122022 105659.jpeg,.334
6.10_ 19122022 232355.jpeg,6.10
09.0_ 24122022 230051.jpeg,09.0
81.0_ 24122022 232416.jpeg,81.0
-8.10_ 20122022 00304.jpeg,-8.10
-111.0_ 25122022 00206.jpeg,-111.0
0_ 12122022 124004.jpeg,0
.943_ 12122022 123029.jpeg,.943
0_ 12122022 124009.jpeg,0
1._ 12122022 123818.jpeg,1.
.371_ 12122022 110146.jpeg,.371
.515_ 12122022 112116.jpeg,.515
.372_ 12122022 110153.jpeg,.372
.213_ 12122022 102409.jpeg,.213
07.0_ 24122022 225307.jpeg,07.0
-24.2_ 25122022 00243.jpeg,-24.2
9_ 12122022 131148.jpeg,9
.053_ 12122022 094738.jpeg,.053
8._ 12122022 124812.jpeg,8.
.900_ 12122022 122351.jpeg,.900
89.6_ 24122022 232419.jpeg,89.6
-08.4_ 24122022 232759.jpeg,-08.4
-12.2_ 25122022 00412.jpeg,-12.2
06.3_ 24122022 225610.jpeg,06.3
.352_ 12122022 105915.jpeg,.352
7_ 12122022 130938.jpeg,7
.645_ 12122022 114637.jpeg,.645
9._ 12122022 124837.jpeg,9.
19.40_ 19122022 223128.jpeg,19.40
.325_ 12122022 105550.jpeg,.325
5_ 12122022 125129.jpeg,5
17.3_ 25122022 00619.jpeg,17.3
11.30_ 19122022 230333.jpeg,11.30
-10.90_ 19122022 235937.jpeg,-10.90
-3.60_ 20122022 02733.jpeg,-3.60
.131_ 12122022 100655.jpeg,.131
1._ 12122022 123751.jpeg,1.
15.5_ 25122022 00433.jpeg,15.5
17.60_ 19122022 224024.jpeg,17.60
.850_ 12122022 121704.jpeg,.850
-4.50_ 20122022 03452.jpeg,-4.50
110.2_ 24122022 232334.jpeg,110.2
-25.6_ 25122022 00249.jpeg,-25.6
7.50_ 19122022 232040.jpeg,7.50
.340_.jpeg,.340
0_ 12122022 130208.jpeg,0
.022_ 12122022 094347.jpeg,.022
36.9_ 25122022 00510.jpeg,36.9
-99.7_ 25122022 00302.jpeg,-99.7
.525_ 12122022 112218.jpeg,.525
5.50_ 19122022 233030.jpeg,5.50
8_ 12122022 125952.jpeg,8
189.0_ 25122022 00553.jpeg,189.0
.893_ 12122022 122247.jpeg,.893
7_ 12122022 130931.jpeg,7
.833_ 12122022 121447.jpeg,.833
-13.00_ 20122022 00626.jpeg,-13.00
14.20_ 19122022 225321.jpeg,14.20
148.8_ 24122022 232519.jpeg,148.8
182.6_ 25122022 00842.jpeg,182.6
10.80_ 19122022 230629.jpeg,10.80
83.5_ 24122022 232510.jpeg,83.5
99.4_ 24122022 232423.jpeg,99.4
-10.30_ 20122022 00052.jpeg,-10.30
181.1_ 25122022 00552.jpeg,181.1
-13.10_ 20122022 00611.jpeg,-13.10
.354_ 12122022 105922.jpeg,.354
81.2_ 24122022 232643.jpeg,81.2
5.95_ 19122022 232426.jpeg,5.95
91.1_ 25122022 00829.jpeg,91.1
0.19_ 19122022 210126binary.jpeg,0.19
.998_ 12122022 123659.jpeg,.998
36.9_ 25122022 00436.jpeg,36.9
40.5_ 25122022 00907.jpeg,40.5
3.73_ 19122022 233444.jpeg,3.73
.978_ 12122022 123437.jpeg,.978
-10.70_ 19122022 235959.jpeg,-10.70
3_ 12122022 125201.jpeg,3
-123.8_ 25122022 01255.jpeg,-123.8
91.3_ 25122022 00456.jpeg,91.3
.953_ 12122022 123140.jpeg,.953
2.30_ 19122022 233704.jpeg,2.30
.366_ 12122022 110105.jpeg,.366
8.30_ 19122022 231636.jpeg,8.30
-14.80_ 20122022 10101.jpeg,-14.80
-14.9_ 25122022 00237.jpeg,-14.9
25.8_ 24122022 232552.jpeg,25.8
.484_ 12122022 111546.jpeg,.484
-65.4_ 25122022 01141.jpeg,-65.4
172.6_ 24122022 232522.jpeg,172.6
-25.0_ 25122022 01139.jpeg,-25.0
18.20_ 19122022 223753.jpeg,18.20
60.0_ 24122022 230811.jpeg,60.0
.836_ 12122022 121511.jpeg,.836
196.5_ 24122022 231843.jpeg,196.5
-14.8_ 25122022 01232.jpeg,-14.8
.461_ 12122022 111309.jpeg,.461
-5.00_ 20122022 03359binary.jpeg,-5.00
.458_ 12122022 111248.jpeg,.458
8.40_ 19122022 231550.jpeg,8.40
3.68_ 19122022 233850.jpeg,3.68
0.51_ 19122022 210356.jpeg,0.51
.797_ 12122022 120907.jpeg,.797
.522_ 12122022 112204.jpeg,.522
4.20_ 19122022 233312.jpeg,4.20
-138.1_ 25122022 00347.jpeg,-138.1
6_ 12122022 130034.jpeg,6
0.46_.jpeg,0.46
9_ 12122022 124952.jpeg,9
.247_ 12122022 102828.jpeg,.247
.782_ 12122022 120707.jpeg,.782
.081_ 12122022 095054.jpeg,.081
.298_ 12122022 105230.jpeg,.298
17.80_ 19122022 223935.jpeg,17.80
-0.33_ 19122022 214446.jpeg,-0.33
47.1_ 25122022 01125.jpeg,47.1
-0.61_ 19122022 220227.jpeg,-0.61
.033_.jpeg,.033
-18.61_ 20122022 04240.jpeg,-18.61
0.60_ 19122022 211122.jpeg,0.60
.027_ 12122022 094427.jpeg,.027
-98.9_ 24122022 232755.jpeg,-98.9
.496_ 12122022 111733.jpeg,.496
0.02_ 19122022 205305.jpeg,0.02
98.5_ 25122022 00528.jpeg,98.5
.051_ 12122022 094731.jpeg,.051
.885_ 12122022 122157.jpeg,.885
.159_ 12122022 101600.jpeg,.159
15.50_ 19122022 224754.jpeg,15.50
189.4_ 24122022 232524.jpeg,189.4
63.1_ 25122022 00500.jpeg,63.1
1.90_ 19122022 234748.jpeg,1.90
.107_ 12122022 100148.jpeg,.107
-18.90_ 20122022 04409binary.jpeg,-18.90
-0.51_ 19122022 214507.jpeg,-0.51
0.53_ 19122022 210346.jpeg,0.53
.295_ 12122022 105209.jpeg,.295
8.00_ 19122022 231848.jpeg,8.00
1.02_ 19122022 211732.jpeg,1.02
.688_ 12122022 115314.jpeg,.688
138.0_ 25122022 01051.jpeg,138.0
.579_ 12122022 112906.jpeg,.579
.621_ 12122022 114322.jpeg,.621
4_ 12122022 130100.jpeg,4
2.81_ 19122022 233536.jpeg,2.81
20.9_ 24122022 232501.jpeg,20.9
.664_ 12122022 114924.jpeg,.664
135.2_ 24122022 232356.jpeg,135.2
.876_ 12122022 122045.jpeg,.876
.037_ 12122022 094553.jpeg,.037
3._ 12122022 124629.jpeg,3.
15.0_ 25122022 00817.jpeg,15.0
.317_ 12122022 105509.jpeg,.317
8_ 12122022 125025.jpeg,8
11.40_ 19122022 230323.jpeg,11.40
134.9_ 24122022 232517.jpeg,134.9
0.06_ 19122022 205744.jpeg,0.06
8._ 12122022 124819.jpeg,8.
8.13_ 19122022 231658.jpeg,8.13
158.7_ 25122022 01112.jpeg,158.7
-156.4_ 25122022 00310.jpeg,-156.4
0.48_ 19122022 211031.jpeg,0.48
12.80_ 19122022 225846binary.jpeg,12.80
-76.8_ 25122022 01216.jpeg,-76.8
.961_ 12122022 123230.jpeg,.961
.139_ 12122022 101344.jpeg,.139
.412_ 12122022 110617.jpeg,.412
.943_ 12122022 123029binary.jpeg,.943
-0.57_ 19122022 214746.jpeg,-0.57
4_ 12122022 130106.jpeg,4
2.70_ 19122022 233812.jpeg,2.70
-2.30_ 20122022 02508.jpeg,-2.30
.612_ 12122022 113604.jpeg,.612
.329_.jpeg,.329
187.8_ 25122022 00537.jpeg,187.8
111.1_ 25122022 01118.jpeg,111.1
-10.00_ 20122022 01716.jpeg,-10.00
-17.50_ 20122022 05650.jpeg,-17.50
0.38_ 19122022 210602.jpeg,0.38
1_ 12122022 125408.jpeg,1
-95.1_ 25122022 00154.jpeg,-95.1
.912_ 12122022 122532.jpeg,.912
2.80_ 19122022 234155.jpeg,2.80
144.6_ 25122022 00846.jpeg,144.6
-0.81_ 19122022 221911.jpeg,-0.81
-0.44_ 19122022 214930.jpeg,-0.44
19.95_ 19122022 222757.jpeg,19.95
.403_.jpeg,.403
.344_ 12122022 105814.jpeg,.344
-120.9_ 24122022 232739.jpeg,-120.9
24.2_ 25122022 00504.jpeg,24.2
7.99_ 19122022 231904.jpeg,7.99
-0.66_ 19122022 221200.jpeg,-0.66
.517_ 12122022 112130.jpeg,.517
.453_ 12122022 111214.jpeg,.453
.151_ 12122022 101459.jpeg,.151
.225_ 12122022 102531.jpeg,.225
-87.0_ 25122022 00359.jpeg,-87.0
.499_ 12122022 111754.jpeg,.499
-92.1_ 25122022 00342.jpeg,-92.1
.466_binary.jpeg,.466
.166_ 12122022 101640.jpeg,.166
-11.60_ 20122022 00851.jpeg,-11.60
88.5_ 24122022 232644.jpeg,88.5
.079_ 12122022 095041.jpeg,.079
-104.3_ 25122022 01212.jpeg,-104.3
4.00_ 19122022 233338.jpeg,4.00
114.9_ 24122022 232327.jpeg,114.9
.342_ 12122022 105800.jpeg,.342
0.94_ 19122022 211555.jpeg,0.94
.724_ 12122022 115824.jpeg,.724
-0.37_ 19122022 214633.jpeg,-0.37
-0.20_ 19122022 214657.jpeg,-0.20
-9.30_ 20122022 01404.jpeg,-9.30
.675_ 12122022 115129.jpeg,.675
.858_ 12122022 121809.jpeg,.858
.326_ 12122022 105611.jpeg,.326
.802_ 12122022 120931.jpeg,.802
-13.30_ 20122022 00531.jpeg,-13.30
1_ 12122022 130421.jpeg,1
.300_ 12122022 105257.jpeg,.300
34.5_ 24122022 232609.jpeg,34.5
15.20_ 19122022 224858binary.jpeg,15.20
.841_ 12122022 121543.jpeg,.841
.577_ 12122022 112859.jpeg,.577
-0.91_ 19122022 221504binary.jpeg,-0.91
-125.2_ 25122022 01144.jpeg,-125.2
-14.30_ 20122022 05942.jpeg,-14.30
.026_ 12122022 094414.jpeg,.026
.476_ 12122022 111451.jpeg,.476
.207_ 12122022 102328.jpeg,.207
2.90_ 19122022 233519binary.jpeg,2.90
-132.4_ 25122022 01209.jpeg,-132.4
.672_ 12122022 115104.jpeg,.672
-0.95_ 19122022 221445.jpeg,-0.95
62.7_ 24122022 232338.jpeg,62.7
.133_ 12122022 100709.jpeg,.133
.164_ 12122022 101627.jpeg,.164
.174_ 12122022 101734.jpeg,.174
-12.90_ 20122022 00641.jpeg,-12.90
94.9_ 25122022 00612.jpeg,94.9
.263_ 12122022 103017.jpeg,.263
.457_ 12122022 111241.jpeg,.457
.069_ 12122022 094926.jpeg,.069
0_ 12122022 130210.jpeg,0
-70.5_ 25122022 00408.jpeg,-70.5
.339_ 12122022 105740.jpeg,.339
.159_ 12122022 101553.jpeg,.159
176.7_ 24122022 232351.jpeg,176.7
-0.31_ 19122022 214426.jpeg,-0.31
11.90_ 19122022 230055.jpeg,11.90
.041_ 12122022 094617.jpeg,.041
.424_ 12122022 110848.jpeg,.424
1.004_ 12122022 123721.jpeg,1.004
198.1_ 25122022 01105.jpeg,198.1
-11.50_ 20122022 01147.jpeg,-11.50
.685_ 12122022 115250.jpeg,.685
.609_ 12122022 113220.jpeg,.609
.167_ 12122022 101654.jpeg,.167
.563_ 12122022 112645.jpeg,.563
.130_ 12122022 101302.jpeg,.130
0.42_ 19122022 210430.jpeg,0.42
161.6_ 25122022 00541.jpeg,161.6
.042_ 12122022 094630.jpeg,.042
.388_ 12122022 110343.jpeg,.388
0.75_ 19122022 211501.jpeg,0.75
-71.1_ 25122022 01217.jpeg,-71.1
.473_.jpeg,.473
-0.62_ 19122022 204632.jpeg,-0.62
.956_ 12122022 123208.jpeg,.956
-3.10_ 20122022 02428.jpeg,-3.10
-111.9_ 25122022 01211.jpeg,-111.9
50.4_ 25122022 00616.jpeg,50.4
-73.2_ 24122022 232816.jpeg,-73.2
.683_ 12122022 115233.jpeg,.683
.425_ 12122022 110902.jpeg,.425
23.7_ 24122022 230245.jpeg,23.7
2._ 12122022 124554.jpeg,2.
-12.40_ 20122022 00825.jpeg,-12.40
.995_ 12122022 123638.jpeg,.995
6_ 12122022 130029.jpeg,6
0.40_ 19122022 210537.jpeg,0.40
.828_ 12122022 121359.jpeg,.828
-34.9_ 25122022 00410.jpeg,-34.9
5._ 12122022 124709.jpeg,5.
0.52_ 19122022 210350.jpeg,0.52
8._ 12122022 124816.jpeg,8.
67.0_ 24122022 230716.jpeg,67.0
13.8_ 25122022 01025.jpeg,13.8
.704_ 12122022 115541.jpeg,.704
1_ 12122022 130425.jpeg,1
.701_ 12122022 115516.jpeg,.701
.119_ 12122022 100527.jpeg,.119
-70.3_ 25122022 00256.jpeg,-70.3
171.6_ 25122022 01111.jpeg,171.6
.810_ 12122022 121035.jpeg,.810
-3.80_ 20122022 02635.jpeg,-3.80
.281_ 12122022 103245.jpeg,.281
-0.92_ 19122022 221500.jpeg,-0.92
.008_ 12122022 092800.jpeg,.008
9.40_ 19122022 231225binary.jpeg,9.40
67.1_ 24122022 230515.jpeg,67.1
-1.12_ 19122022 222149.jpeg,-1.12
.791_ 12122022 120811.jpeg,.791
112.1_ 25122022 00832.jpeg,112.1
1_ 12122022 130147.jpeg,1
.373_ 12122022 110200.jpeg,.373
7_ 12122022 130013.jpeg,7
.260_ 12122022 103004.jpeg,.260
.154_ 12122022 101519.jpeg,.154
-0.85_ 19122022 212232.jpeg,-0.85
5_ 12122022 130053binary.jpeg,5
13.50_ 19122022 225543.jpeg,13.50
.408_ 12122022 110539.jpeg,.408
70.3_ 25122022 00614.jpeg,70.3
.867_ 12122022 121948.jpeg,.867
-7.40_ 20122022 02110binary.jpeg,-7.40
-40.3_ 25122022 00404.jpeg,-40.3
-53.0_ 25122022 00254.jpeg,-53.0
.240_ 12122022 102747.jpeg,.240
10.20_ 19122022 230815.jpeg,10.20
.075_.jpeg,.075
-13.80_ 20122022 00414.jpeg,-13.80
9.98_ 19122022 230909.jpeg,9.98
-4.90_ 20122022 03345.jpeg,-4.90
193.9_ 24122022 232117.jpeg,193.9
-0.06_ 19122022 213526.jpeg,-0.06
-0.25_ 19122022 215434.jpeg,-0.25
0.56_ 19122022 210326.jpeg,0.56
-17.10_ 20122022 05236.jpeg,-17.10
.785_ 12122022 120731.jpeg,.785
.382_ 12122022 110255.jpeg,.382
.667_ 12122022 115016.jpeg,.667
157.8_ 25122022 00849.jpeg,157.8
161.0_ 25122022 00558.jpeg,161.0
.957_ 12122022 123215.jpeg,.957
.275_ 12122022 103139.jpeg,.275
188.2_ 25122022 00535.jpeg,188.2
-0.78_ 19122022 221852binary.jpeg,-0.78
-0.41_ 19122022 214854.jpeg,-0.41
.957_ 12122022 123201.jpeg,.957
-0.89_ 19122022 212249.jpeg,-0.89
.878_ 12122022 122059.jpeg,.878
.312_ 12122022 105424.jpeg,.312
.291_ 12122022 103420.jpeg,.291
.954_ 12122022 123147.jpeg,.954
5._ 12122022 124713.jpeg,5.
17.40_ 19122022 224116.jpeg,17.40
.272_ 12122022 103119.jpeg,.272
-11.50_ 20122022 01147binary.jpeg,-11.50
.307_ 12122022 105351.jpeg,.307
-66.6_ 25122022 00401.jpeg,-66.6
.409_ 12122022 110553.jpeg,.409
0.92_ 19122022 211606.jpeg,0.92
.377_ 12122022 110227.jpeg,.377
8._ 12122022 124814.jpeg,8.
-17.40_ 20122022 05606.jpeg,-17.40
.146_ 12122022 101431.jpeg,.146
.969_ 12122022 123333.jpeg,.969
26.0_ 24122022 232557.jpeg,26.0
-8.70_ 20122022 01303.jpeg,-8.70
0.31_ 19122022 210452.jpeg,0.31
135.3_ 24122022 232431.jpeg,135.3
.387_ 12122022 110336binary.jpeg,.387
-45.9_ 25122022 00253.jpeg,-45.9
-3.70_ 20122022 02708.jpeg,-3.70
-47.9_ 24122022 232814.jpeg,-47.9
10.01_ 19122022 230922.jpeg,10.01
.991_ 12122022 123610.jpeg,.991
99.1_ 24122022 232513.jpeg,99.1
-1.03_ 19122022 222239.jpeg,-1.03
161.6_ 25122022 00848.jpeg,161.6
19.99_ 19122022 222745.jpeg,19.99
111.3_ 24122022 232647.jpeg,111.3
-0.63_ 19122022 220219.jpeg,-0.63
160.1_ 24122022 232354.jpeg,160.1
.303_ 12122022 105317binary.jpeg,.303
8.09_ 19122022 231750.jpeg,8.09
.253_ 12122022 102916.jpeg,.253
-0.11_ 19122022 212433.jpeg,-0.11
13.40_ 19122022 225616.jpeg,13.40
-161.7_ 25122022 00219.jpeg,-161.7
1.05_ 19122022 222511.jpeg,1.05
6_ 12122022 130902.jpeg,6
2._ 12122022 124557.jpeg,2.
97.5_ 24122022 232422.jpeg,97.5
9.44_ 19122022 231135.jpeg,9.44
-0.04_ 19122022 212352.jpeg,-0.04
-1.80_ 19122022 235638.jpeg,-1.80
1._ 12122022 123802.jpeg,1.
.865_ 12122022 121933.jpeg,.865
.734_ 12122022 115945.jpeg,.734
.492_ 12122022 111713.jpeg,.492
-0.27_ 19122022 213846.jpeg,-0.27
16.80_ 19122022 224322.jpeg,16.80
.204_ 12122022 102307.jpeg,.204
16.00_ 19122022 224631.jpeg,16.00
-15.61_ 20122022 10318.jpeg,-15.61
.746_ 12122022 120214.jpeg,.746
11.10_ 19122022 230357.jpeg,11.10
0.13_ 19122022 205815.jpeg,0.13
176.0_ 24122022 232353.jpeg,176.0
19.20_ 19122022 223236.jpeg,19.20
15.3_ 25122022 00508.jpeg,15.3
160.5_ 25122022 00446.jpeg,160.5
.610_ 12122022 113533.jpeg,.610
3._ 12122022 124626.jpeg,3.
0.72_ 19122022 211151.jpeg,0.72
-7.80_ 20122022 00208.jpeg,-7.80
.931_ 12122022 122829.jpeg,.931
198.4_ 25122022 00600.jpeg,198.4
0.35_ 19122022 210814.jpeg,0.35
6._ 12122022 124739.jpeg,6.
.451_ 12122022 111200.jpeg,.451
6_ 12122022 130852.jpeg,6
.246_ 12122022 102821.jpeg,.246
52.0_ 25122022 00900.jpeg,52.0
0.76_ 19122022 211259.jpeg,0.76
3.68_ 19122022 233850binary.jpeg,3.68
69.7_ 24122022 230408.jpeg,69.7
-36.6_ 24122022 232812.jpeg,-36.6
-0.26_ 19122022 214228.jpeg,-0.26
-0.28_ 19122022 215546.jpeg,-0.28
.839_ 12122022 121535.jpeg,.839
-121.0_ 25122022 00305.jpeg,-121.0
.651_ 12122022 114718.jpeg,.651
0.59_ 19122022 211131.jpeg,0.59
1_ 12122022 130504.jpeg,1
73.4_ 25122022 01122.jpeg,73.4
-188.4_ 24122022 232750.jpeg,-188.4
.264_ 12122022 103031.jpeg,.264
5.70_ 19122022 232702.jpeg,5.70
-0.80_ 19122022 215928.jpeg,-0.80
.028_ 12122022 094445.jpeg,.028
3._ 12122022 124637.jpeg,3.
-70.0_ 25122022 01218.jpeg,-70.0
.511_ 12122022 112048binary.jpeg,.511
-8.80_ 20122022 01308.jpeg,-8.80
.383_ 12122022 110308.jpeg,.383
19.98_ 19122022 222836.jpeg,19.98
7_ 12122022 130934.jpeg,7
3_ 12122022 130626.jpeg,3
.591_ 12122022 113035.jpeg,.591
.913_ 12122022 122539.jpeg,.913
.181_ 12122022 101908.jpeg,.181
.900_ 12122022 122344.jpeg,.900
2.10_ 19122022 234629.jpeg,2.10
-11.00_ 19122022 235921.jpeg,-11.00
.128_ 12122022 100635.jpeg,.128
.415_ 12122022 110701.jpeg,.415
.194_ 12122022 102213.jpeg,.194
-0.76_ 19122022 215943.jpeg,-0.76
-15.29_ 20122022 10231.jpeg,-15.29
19.91_ 19122022 222941.jpeg,19.91
.356_ 12122022 105936.jpeg,.356
.173_ 12122022 101728.jpeg,.173
.878_ 12122022 122106.jpeg,.878
4_ 12122022 130102.jpeg,4
5._ 12122022 124715.jpeg,5.
-5.40_ 20122022 03215.jpeg,-5.40
.064_ 12122022 094859.jpeg,.064
186.9_ 25122022 01109.jpeg,186.9
-119.0_ 25122022 01314.jpeg,-119.0
4_ 12122022 125145.jpeg,4
-160.0_ 25122022 01204.jpeg,-160.0
-24.0_ 24122022 232810.jpeg,-24.0
8.80_ 19122022 231447.jpeg,8.80
.083_ 12122022 095101.jpeg,.083
.621_ 12122022 114338.jpeg,.621
.620_ 12122022 113939.jpeg,.620
10.30_ 19122022 230805.jpeg,10.30
.551_ 12122022 112523.jpeg,.551
.550_ 12122022 112516.jpeg,.550
.611_ 12122022 113543.jpeg,.611
.816_ 12122022 121206.jpeg,.816
.304_ 12122022 105330.jpeg,.304
.881_ 12122022 122143.jpeg,.881
0.14_ 19122022 205939.jpeg,0.14
.132_ 12122022 100702.jpeg,.132
.230_ 12122022 102605.jpeg,.230
.658_ 12122022 114825.jpeg,.658
196.6_ 24122022 231842.jpeg,196.6
4_ 12122022 130737.jpeg,4
.294_ 12122022 103458.jpeg,.294
.330_.jpeg,.330
09.8_ 24122022 232547.jpeg,09.8
.613_ 12122022 113843.jpeg,.613
193.7_ 24122022 232114.jpeg,193.7
67.2_ 24122022 230512.jpeg,67.2
.824_ 12122022 121327.jpeg,.824
-11.3_ 25122022 00327.jpeg,-11.3
.332_ 12122022 105652.jpeg,.332
.233_ 12122022 102652.jpeg,.233
-3.40_ 20122022 02817.jpeg,-3.40
.329_ 12122022 105631.jpeg,.329
-12.00_ 20122022 00955.jpeg,-12.00
.392_ 12122022 110410.jpeg,.392
-18.90_ 20122022 04409.jpeg,-18.90
19.96_ 19122022 222810.jpeg,19.96
69.1_ 25122022 00517.jpeg,69.1
7.30_ 19122022 232100.jpeg,7.30
.417_ 12122022 110708.jpeg,.417
.014_ 12122022 094259.jpeg,.014
19.97_ 19122022 222818.jpeg,19.97
68.7_ 24122022 230453.jpeg,68.7
-38.8_ 25122022 01223.jpeg,-38.8
.237_ 12122022 102720.jpeg,.237
.658_ 12122022 114834.jpeg,.658
-26.2_ 25122022 00236.jpeg,-26.2
28.4_ 25122022 01030.jpeg,28.4
-116.7_ 25122022 00304.jpeg,-116.7
.263_ 12122022 103024.jpeg,.263
.733_ 12122022 115937.jpeg,.733
135.2_ 25122022 01049.jpeg,135.2
.137_ 12122022 101330.jpeg,.137
-5.90_ 20122022 03832.jpeg,-5.90
0.61_ 19122022 220131.jpeg,0.61
26.8_ 24122022 232612.jpeg,26.8
-172.3_ 25122022 00218.jpeg,-172.3
.032_ 12122022 094513.jpeg,.032
.074_ 12122022 095007.jpeg,.074
7.70_ 19122022 231959.jpeg,7.70
.653_ 12122022 114744.jpeg,.653
-19.70_ 20122022 04702.jpeg,-19.70
26.8_ 25122022 00434.jpeg,26.8
-135.1_ 25122022 01208.jpeg,-135.1
.183_ 12122022 101922.jpeg,.183
-0.39_ 19122022 214837.jpeg,-0.39
05.4_ 24122022 225221.jpeg,05.4
4._ 12122022 124654.jpeg,4.
.425_ 12122022 110909.jpeg,.425
-0.19_ 19122022 213635.jpeg,-0.19
-49.2_ 25122022 00402.jpeg,-49.2
-5.30_ 20122022 03236.jpeg,-5.30
57.7_ 25122022 00438.jpeg,57.7
8.83_ 19122022 231400.jpeg,8.83
.655_ 12122022 114800.jpeg,.655
.314_ 12122022 105441.jpeg,.314
.556_ 12122022 112558.jpeg,.556
.155_ 12122022 101532.jpeg,.155
.490_ 12122022 111652.jpeg,.490
.832_ 12122022 121431.jpeg,.832
.944_ 12122022 123036.jpeg,.944
.449_ 12122022 111146.jpeg,.449
-1.08_ 19122022 222123.jpeg,-1.08
.909_ 12122022 122510.jpeg,.909
0.47_ 19122022 211059.jpeg,0.47
2._ 12122022 124602.jpeg,2.
10.80_ 19122022 230629binary.jpeg,10.80
6_ 12122022 125109.jpeg,6
-99.9_ 25122022 01250.jpeg,-99.9
.157_ 12122022 101546.jpeg,.157
18.60_ 19122022 223644.jpeg,18.60
-0.38_ 19122022 215825.jpeg,-0.38
-9.20_ 20122022 01357.jpeg,-9.20
.501_ 12122022 111829.jpeg,.501
.268_ 12122022 103052.jpeg,.268
-11.90_ 20122022 00943.jpeg,-11.90
.807_ 12122022 121011.jpeg,.807
-7.70_ 20122022 00154.jpeg,-7.70
.815_ 12122022 121116.jpeg,.815
8_ 12122022 125027.jpeg,8
1_ 12122022 124327.jpeg,1
4.90_ 19122022 232918.jpeg,4.90
.987_ 12122022 123534.jpeg,.987
.078_ 12122022 095034.jpeg,.078
.528_ 12122022 112245.jpeg,.528
.727_ 12122022 115856.jpeg,.727
170.6_ 25122022 00559.jpeg,170.6
.534_ 12122022 112327.jpeg,.534
-6.70_ 19122022 235807.jpeg,-6.70
.895_ 12122022 122316.jpeg,.895
0.17_ 19122022 205846.jpeg,0.17
.398_ 12122022 110451.jpeg,.398
.976_ 12122022 123430.jpeg,.976
.830_ 12122022 121415.jpeg,.830
-0.89_ 19122022 221515.jpeg,-0.89
111.9_ 25122022 00831.jpeg,111.9
.135_ 12122022 101232.jpeg,.135
124.6_ 25122022 00546.jpeg,124.6
.717_ 12122022 115735.jpeg,.717
-142.5_ 24122022 232743.jpeg,-142.5
-99.8_ 25122022 00227.jpeg,-99.8
.520_ 12122022 112151.jpeg,.520
-132.9_ 25122022 01258.jpeg,-132.9
0.46_ 19122022 211050.jpeg,0.46
113.3_ 24122022 232426.jpeg,113.3
.107_ 12122022 095954.jpeg,.107
-16.70_ 20122022 05050.jpeg,-16.70
5._ 12122022 124711.jpeg,5.
0.26_ 19122022 210055.jpeg,0.26
36.7_ 25122022 00503.jpeg,36.7
-108.6_ 25122022 01252.jpeg,-108.6
175.5_ 25122022 00551.jpeg,175.5
2_ 12122022 130611.jpeg,2
167.4_ 25122022 00540.jpeg,167.4
-168.1_ 25122022 01202.jpeg,-168.1
189.2_ 24122022 231039.jpeg,189.2
3.10_ 19122022 234359.jpeg,3.10
83.8_ 25122022 00857.jpeg,83.8
-57.9_ 25122022 00233.jpeg,-57.9
1._ 12122022 123803.jpeg,1.
.747_ 12122022 120222.jpeg,.747
.106_ 12122022 100206.jpeg,.106
197.3_ 24122022 232441.jpeg,197.3
14.70_ 19122022 225119.jpeg,14.70
-13.0_ 25122022 00247.jpeg,-13.0
69.8_ 24122022 230406.jpeg,69.8
.498_ 12122022 111747.jpeg,.498
0.21_.jpeg,0.21
7.10_ 19122022 232201.jpeg,7.10
.049_ 12122022 094718.jpeg,.049
.629_ 12122022 114427.jpeg,.629
.620_ 12122022 114314.jpeg,.620
.626_ 12122022 114402.jpeg,.626
.292_ 12122022 103427.jpeg,.292
.545_ 12122022 112442.jpeg,.545
7.20_ 19122022 232142.jpeg,7.20
.223_ 12122022 102517.jpeg,.223
.133_ 12122022 100715.jpeg,.133
.061_ 12122022 094839.jpeg,.061
-0.14_ 19122022 213703.jpeg,-0.14
06.2_ 24122022 225630.jpeg,06.2
30.6_ 25122022 00521.jpeg,30.6
-136.4_ 24122022 232819.jpeg,-136.4
.122_ 12122022 100554.jpeg,.122
9._ 12122022 124835.jpeg,9.
9_ 12122022 125001.jpeg,9
.575_ 12122022 112809.jpeg,.575
-9.10_ 20122022 01335.jpeg,-9.10
-17.80_ 20122022 05726.jpeg,-17.80
-0.16_ 19122022 212317.jpeg,-0.16
-77.0_ 25122022 00257.jpeg,-77.0
.349_ 12122022 105848.jpeg,.349
.081_ 12122022 095048.jpeg,.081
-17.90_ 20122022 05819.jpeg,-17.90
6_ 12122022 130033.jpeg,6
-55.8_ 24122022 232757.jpeg,-55.8
.558_ 12122022 112618.jpeg,.558
6.20_ 19122022 232346.jpeg,6.20
13.30_ 19122022 225656.jpeg,13.30
.600_ 12122022 113123.jpeg,.600
-25.3_ 25122022 01233.jpeg,-25.3
8._ 12122022 124809.jpeg,8.
3.34_ 19122022 234014.jpeg,3.34
.541_ 12122022 112414.jpeg,.541
.273_ 12122022 103132.jpeg,.273
.491_ 12122022 111659.jpeg,.491
78.4_ 24122022 232603.jpeg,78.4
9.89_ 19122022 231016.jpeg,9.89
-16.80_ 20122022 05111.jpeg,-16.80
-0.29_ 19122022 215357.jpeg,-0.29
-191.6_ 25122022 00216.jpeg,-191.6
6_ 12122022 125111.jpeg,6
.823_ 12122022 121319.jpeg,.823
.845_ 12122022 121624.jpeg,.845
.390_ 12122022 110356.jpeg,.390
101.1_ 25122022 00545.jpeg,101.1
90.3_ 24122022 232420.jpeg,90.3
.675_ 12122022 115120.jpeg,.675
19.93_ 19122022 222846.jpeg,19.93
.580_ 12122022 112919.jpeg,.580
-09.9_ 24122022 232726.jpeg,-09.9
.666_ 12122022 115008.jpeg,.666
-179.0_ 25122022 01306.jpeg,-179.0
.450_ 12122022 111153.jpeg,.450
-13.0_ 24122022 232808.jpeg,-13.0
.771_ 12122022 120537.jpeg,.771
115.0_ 24122022 232244.jpeg,115.0
.228_ 12122022 102551.jpeg,.228
07.9_ 24122022 225547.jpeg,07.9
-30.2_ 25122022 01235.jpeg,-30.2
68.9_ 25122022 00439.jpeg,68.9
06.1_ 24122022 225742.jpeg,06.1
98.2_ 24122022 232512.jpeg,98.2
0.82_ 19122022 211336.jpeg,0.82
.303_ 12122022 105317.jpeg,.303
-142.4_ 25122022 00308.jpeg,-142.4
.588_ 12122022 113015.jpeg,.588
18.40_ 19122022 223718.jpeg,18.40
-42.7_ 25122022 00155.jpeg,-42.7
-16.10_ 20122022 10517.jpeg,-16.10
.181_ 12122022 101902.jpeg,.181
.779_12122022 120650.jpeg,.779
3.20_ 19122022 234304.jpeg,3.20
-0.99_ 19122022 221815.jpeg,-0.99
1_ 12122022 125416.jpeg,1
97.1_ 25122022 00442.jpeg,97.1
-9.50_ 20122022 01528binary.jpeg,-9.50
63.9_ 24122022 232337.jpeg,63.9
.183_ 12122022 101922binary.jpeg,.183
1.20_ 19122022 234920.jpeg,1.20
81.6_ 24122022 232403.jpeg,81.6
.919_ 12122022 122645.jpeg,.919
.275_.jpeg,.275
92.7_ 25122022 00830.jpeg,92.7
-10.60_ 20122022 00011.jpeg,-10.60
-18.99_ 20122022 04419.jpeg,-18.99
199.9_ 24122022 232029.jpeg,199.9
.096_ 12122022 095236.jpeg,.096
-145.0_ 25122022 01146.jpeg,-145.0
-4.80_ 20122022 03334.jpeg,-4.80
.494_ 12122022 111719.jpeg,.494
-15.80_ 20122022 10409.jpeg,-15.80
.014_ 12122022 094252.jpeg,.014
.204_ 12122022 102307binary.jpeg,.204
-13.50_ 20122022 00503.jpeg,-13.50
17.10_ 19122022 224228.jpeg,17.10
33.5_ 25122022 00820.jpeg,33.5
.435_ 12122022 111010.jpeg,.435
-17.2_ 25122022 00334.jpeg,-17.2
.748_ 12122022 120230.jpeg,.748
178.4_ 24122022 232438.jpeg,178.4
-105.0_ 25122022 00226.jpeg,-105.0
09.8_ 25122022 01024.jpeg,09.8
8.60_ 19122022 231528.jpeg,8.60
.928_ 12122022 122814.jpeg,.928
2_ 12122022 130547.jpeg,2
.891_ 12122022 122239.jpeg,.891
.460_ 12122022 111302.jpeg,.460
.910_ 12122022 122517.jpeg,.910
-69.7_ 25122022 01243.jpeg,-69.7
.693_ 12122022 115354.jpeg,.693
.280_ 12122022 103238.jpeg,.280
.272_ 12122022 103126.jpeg,.272
11.50_ 19122022 230309.jpeg,11.50
19.90_ 19122022 222911.jpeg,19.90
.057_ 12122022 094812.jpeg,.057
160.5_ 25122022 01055.jpeg,160.5
.431_ 12122022 110943.jpeg,.431
.930_ 12122022 122821.jpeg,.930
-0.14_ 19122022 212330.jpeg,-0.14
.895_ 12122022 122309.jpeg,.895
.831_ 12122022 121423.jpeg,.831
188.9_ 24122022 231331.jpeg,188.9
.557_ 12122022 112604.jpeg,.557
.001_ 12122022 092940.jpeg,.001
.623_ 12122022 114346binary.jpeg,.623
-15.70_ 20122022 10352.jpeg,-15.70
10.60_ 19122022 230729.jpeg,10.60
-82.4_ 25122022 01245.jpeg,-82.4
.963_ 12122022 123244.jpeg,.963
-43.9_ 25122022 00339.jpeg,-43.9
13.10_ 19122022 225731.jpeg,13.10
-2.00_ 19122022 235526.jpeg,-2.00
-1.10_ 19122022 222136.jpeg,-1.10
.313_ 12122022 105432.jpeg,.313
.152_ 12122022 101512.jpeg,.152
43.5_ 25122022 00512.jpeg,43.5
-0.54_ 19122022 214821.jpeg,-0.54
13.9_ 25122022 01128.jpeg,13.9
74.3_ 25122022 00905.jpeg,74.3
119.3_ 25122022 01046.jpeg,119.3
-0.74_ 19122022 220006.jpeg,-0.74
.257_ 12122022 102936.jpeg,.257
52.2_ 25122022 00824.jpeg,52.2
111.7_ 24122022 232514.jpeg,111.7
.114_ 12122022 100500.jpeg,.114
.046_ 12122022 094651.jpeg,.046
18.50_ 19122022 223700binary.jpeg,18.50
6.60_ 19122022 232241.jpeg,6.60
.722_ 12122022 115816.jpeg,.722
9.10_ 19122022 231320.jpeg,9.10
.238_ 12122022 102727.jpeg,.238
-0.93_ 19122022 221455.jpeg,-0.93
.218_ 12122022 102450.jpeg,.218
53.2_ 25122022 01036.jpeg,53.2
.012_ 12122022 094246.jpeg,.012
.974_ 12122022 123402.jpeg,.974
-0.34_ 19122022 215710.jpeg,-0.34
.006_ 12122022 092739.jpeg,.006
.257_ 12122022 102943.jpeg,.257
.908_ 12122022 122503.jpeg,.908
.135_ 12122022 101317.jpeg,.135
66.6_ 24122022 230659.jpeg,66.6
.187_ 12122022 102108.jpeg,.187
-18.30_ 20122022 04123.jpeg,-18.30
193.1_ 25122022 00449.jpeg,193.1
10.3_ 25122022 01022.jpeg,10.3
-19.91_ 20122022 04754.jpeg,-19.91
.843_ 12122022 121559.jpeg,.843
.686_ 12122022 115258.jpeg,.686
27.1_ 25122022 01126.jpeg,27.1
0._ 12122022 124437.jpeg,0.
.717_ 12122022 115727.jpeg,.717
156.7_ 25122022 00548.jpeg,156.7
-16.20_ 20122022 10617binary.jpeg,-16.20
12.90_ 19122022 225838.jpeg,12.90
.391_ 12122022 110403.jpeg,.391
.981_ 12122022 123452.jpeg,.981
-164.9_ 25122022 01302.jpeg,-164.9
19.39_ 19122022 223109.jpeg,19.39
8.70_ 19122022 231518.jpeg,8.70
.385_ 12122022 110315.jpeg,.385
.616_ 12122022 113911.jpeg,.616
88.2_ 24122022 232511.jpeg,88.2
-0.96_ 19122022 221436.jpeg,-0.96
.614_ 12122022 113850.jpeg,.614
-137.6_ 24122022 232742.jpeg,-137.6
10.50_ 19122022 230743.jpeg,10.50
37.7_ 25122022 00509.jpeg,37.7
.720_ 12122022 115751.jpeg,.720
16.20_ 19122022 224536.jpeg,16.20
.439_ 12122022 111038.jpeg,.439
-81.1_ 25122022 00400.jpeg,-81.1
.376_ 12122022 110214.jpeg,.376
1.30_ 19122022 234826.jpeg,1.30
-5.60_ 20122022 03746.jpeg,-5.60
.942_ 12122022 123022.jpeg,.942
-10.50_ 20122022 00019.jpeg,-10.50
39.1_ 25122022 01034.jpeg,39.1
.637_ 12122022 114540.jpeg,.637
.097_ 12122022 095243.jpeg,.097
.806_ 12122022 121003.jpeg,.806
.734_ 12122022 115953.jpeg,.734
15.60_ 19122022 224736.jpeg,15.60
.738_ 12122022 120018.jpeg,.738
-7.90_ 20122022 00237.jpeg,-7.90
-15.40_ 20122022 10300.jpeg,-15.40
6.54_ 19122022 232257.jpeg,6.54
-13.6_ 25122022 01230.jpeg,-13.6
.248_ 12122022 102835.jpeg,.248
.017_ 12122022 094320.jpeg,.017
4._ 12122022 124656.jpeg,4.
2._ 12122022 124605.jpeg,2.
137.0_ 25122022 00608.jpeg,137.0
.059_ 12122022 094819.jpeg,.059
.531_ 12122022 112306.jpeg,.531
0.94_ 19122022 211555binary.jpeg,0.94
3._ 12122022 124631.jpeg,3.
-0.42_ 19122022 214902.jpeg,-0.42
-100.4_ 25122022 01251.jpeg,-100.4
.448_ 12122022 111133.jpeg,.448
1.003_ 12122022 123714.jpeg,1.003
.872_ 12122022 122024.jpeg,.872
-4.20_ 20122022 03641.jpeg,-4.20
.939_ 12122022 122943.jpeg,.939
.001_ 12122022 112333.jpeg,.001
-10.80_ 19122022 235949.jpeg,-10.80
.270_ 12122022 103105.jpeg,.270
38.8_ 25122022 00520.jpeg,38.8
.085_ 12122022 095122.jpeg,.085
-9.40_ 20122022 01415.jpeg,-9.40
.269_ 12122022 103058.jpeg,.269
126.0_ 25122022 00834.jpeg,126.0
-5.00_ 20122022 03359.jpeg,-5.00
-17.30_ 20122022 05309.jpeg,-17.30
.503_ 12122022 111844.jpeg,.503
10.2_ 25122022 00621.jpeg,10.2
-0.34_ 19122022 213249.jpeg,-0.34
.821_ 12122022 121303.jpeg,.821
.586_ 12122022 112947binary.jpeg,.586
.436_ 12122022 111017.jpeg,.436
15.20_ 19122022 224858.jpeg,15.20
.851_ 12122022 121712.jpeg,.851
159.7_ 25122022 01053.jpeg,159.7
-22.8_ 25122022 00240.jpeg,-22.8
-0.91_ 19122022 221504.jpeg,-0.91
.434_ 12122022 111003.jpeg,.434
.462_ 12122022 111316.jpeg,.462
0.67_ 19122022 211221.jpeg,0.67
-19.40_ 20122022 04608.jpeg,-19.40
2._ 12122022 124608.jpeg,2.
-26.9_ 25122022 00328.jpeg,-26.9
137.2_ 24122022 232653.jpeg,137.2
-106.5_ 24122022 232818.jpeg,-106.5
.641_ 12122022 114556.jpeg,.641
.004_ 12122022 093026binary.jpeg,.004
.442_ 12122022 111058binary.jpeg,.442
4_ 12122022 125141.jpeg,4
0.87_ 19122022 211753.jpeg,0.87
5_ 12122022 130045.jpeg,5
11.60_ 19122022 230242.jpeg,11.60
162.2_ 24122022 232436.jpeg,162.2
-60.1_ 25122022 00232.jpeg,-60.1
.992_ 12122022 123617.jpeg,.992
.093_ 12122022 095216.jpeg,.093
1.06_ 19122022 222520.jpeg,1.06
.009_ 12122022 092813.jpeg,.009
.419_ 12122022 110722.jpeg,.419
-0.73_ 19122022 215958.jpeg,-0.73
-163.5_ 25122022 00349.jpeg,-163.5
.613_ 12122022 113657.jpeg,.613
-16.09_ 20122022 10511.jpeg,-16.09
.103_ 12122022 095837.jpeg,.103
.587_ 12122022 113001.jpeg,.587
-15.30_ 20122022 10251binary.jpeg,-15.30
5.60_ 19122022 232714.jpeg,5.60
34.8_ 25122022 00524.jpeg,34.8
-05.5_ 25122022 00156.jpeg,-05.5
.368_ 12122022 110119.jpeg,.368
-12.2_ 25122022 00337.jpeg,-12.2
112.5_ 24122022 232648.jpeg,112.5
-14.31_ 20122022 05937.jpeg,-14.31
.327_ 12122022 105618.jpeg,.327
.820_ 12122022 121255.jpeg,.820
.860_ 12122022 121817.jpeg,.860
-9.00_ 20122022 01326.jpeg,-9.00
-0.52_ 19122022 220816.jpeg,-0.52
.663_ 12122022 114916.jpeg,.663
170.8_ 25122022 01058.jpeg,170.8
.141_ 12122022 101358.jpeg,.141
-88.7_ 25122022 01248.jpeg,-88.7
.546_ 12122022 112456.jpeg,.546
-196.0_ 25122022 01153.jpeg,-196.0
61.6_ 24122022 230735.jpeg,61.6
-134.7_ 25122022 00224.jpeg,-134.7
-11.7_ 25122022 01229.jpeg,-11.7
.582_ 12122022 112926.jpeg,.582
0._ 12122022 124454.jpeg,0.
0.45_ 19122022 210412.jpeg,0.45
13.7_ 24122022 230107.jpeg,13.7
.716_ 12122022 115719.jpeg,.716
.662_ 12122022 114859.jpeg,.662
.860_ 12122022 121825.jpeg,.860
14.6_ 25122022 01129.jpeg,14.6
.161_ 12122022 101613.jpeg,.161
1.70_ 19122022 234451.jpeg,1.70
73.1_ 25122022 00903.jpeg,73.1
17.4_ 24122022 232548.jpeg,17.4
-16.40_ 20122022 05003.jpeg,-16.40
.737_ 12122022 120009.jpeg,.737
21.2_ 24122022 230140.jpeg,21.2
13.5_ 24122022 230121.jpeg,13.5
150.6_ 25122022 00445.jpeg,150.6
.622_ 12122022 114330.jpeg,.622
.594_ 12122022 113049.jpeg,.594
.826_ 12122022 121343.jpeg,.826
0.36_ 19122022 210614.jpeg,0.36
3.00_ 19122022 233508.jpeg,3.00
-6.30_ 19122022 235712.jpeg,-6.30
.271_ 12122022 103112.jpeg,.271
8.10_ 19122022 231710.jpeg,8.10
.591_ 12122022 113028.jpeg,.591
.974_ 12122022 123409.jpeg,.974
.808_ 12122022 121019.jpeg,.808
13.80_ 19122022 225511.jpeg,13.80
.647_ 12122022 114702.jpeg,.647
-4.40_ 20122022 03445.jpeg,-4.40
.908_ 12122022 122455.jpeg,.908
123.9_ 25122022 01116.jpeg,123.9
.361_ 12122022 110031.jpeg,.361
-0.86_ 19122022 212235.jpeg,-0.86
0.86_ 19122022 211408.jpeg,0.86
.841_ 12122022 121551.jpeg,.841
83.2_ 25122022 00441.jpeg,83.2
.586_ 12122022 112954.jpeg,.586
.108_ 12122022 100419.jpeg,.108
105.9_ 25122022 01043.jpeg,105.9
.284_ 12122022 103306.jpeg,.284
2.40_ 19122022 233731.jpeg,2.40
.868_ 12122022 121955.jpeg,.868
.899_ 12122022 122330.jpeg,.899
9.50_ 19122022 231127.jpeg,9.50
.833_ 12122022 121439.jpeg,.833
.552_ 12122022 112530.jpeg,.552
2_ 12122022 130130.jpeg,2
.055_ 12122022 094752.jpeg,.055
0.66_ 19122022 211227binary.jpeg,0.66
82.7_ 25122022 00613.jpeg,82.7
.815_ 12122022 121100.jpeg,.815
9.60_ 19122022 231120.jpeg,9.60
-17.20_ 20122022 05248.jpeg,-17.20
-3.69_ 20122022 02647.jpeg,-3.69
.770_ 12122022 120529.jpeg,.770
-12.30_ 20122022 01033.jpeg,-12.30
-0.13_ 19122022 213724.jpeg,-0.13
2.90_ 19122022 233519.jpeg,2.90
.125_ 12122022 100615.jpeg,.125
.455_ 12122022 111228.jpeg,.455
.931_ 12122022 122836.jpeg,.931
.757_ 12122022 120351.jpeg,.757
-1.01_ 19122022 222258.jpeg,-1.01
7_ 12122022 125047.jpeg,7
-9.70_ 20122022 01555.jpeg,-9.70
1.80_ 19122022 234539.jpeg,1.80
.090_ 12122022 095156.jpeg,.090
135.7_ 25122022 00853.jpeg,135.7
-70.0_ 25122022 00230.jpeg,-70.0
10.70_ 19122022 230704.jpeg,10.70
2._ 12122022 124600.jpeg,2.
112.6_ 25122022 00530.jpeg,112.6
9.21_ 19122022 231246.jpeg,9.21
84.2_ 25122022 00516.jpeg,84.2
.480_ 12122022 111526.jpeg,.480
32.3_ 25122022 00435.jpeg,32.3
0.23_ 19122022 210213.jpeg,0.23
-9.90_ 20122022 01635.jpeg,-9.90
.240_ 12122022 102740.jpeg,.240
-13.60_ 20122022 00451.jpeg,-13.60
102.0_ 25122022 00529.jpeg,102.0
.376_ 12122022 110221.jpeg,.376
.628_ 12122022 114419.jpeg,.628
7.98_ 19122022 231858.jpeg,7.98
-0.58_ 19122022 214740.jpeg,-0.58
.745_ 12122022 120205.jpeg,.745
0.99_ 19122022 211647.jpeg,0.99
-5.50_ 20122022 03144.jpeg,-5.50
23.9_ 25122022 00909.jpeg,23.9
.485_ 12122022 111553.jpeg,.485
.689_ 12122022 115322.jpeg,.689
128.9_ 25122022 00532.jpeg,128.9
15.70_ 19122022 224722.jpeg,15.70
.206_ 12122022 102321.jpeg,.206
0.71_ 19122022 211156.jpeg,0.71
.193_ 12122022 102158.jpeg,.193
.186_ 12122022 102101.jpeg,.186
.825_ 12122022 121335.jpeg,.825
-1.50_ 19122022 235226.jpeg,-1.50
.296_ 12122022 105216.jpeg,.296
-98.3_ 25122022 00301.jpeg,-98.3
16.30_ 19122022 224520.jpeg,16.30
.325_ 12122022 105559.jpeg,.325
.691_ 12122022 115346.jpeg,.691
35.2_ 24122022 232503.jpeg,35.2
.919_ 12122022 122653.jpeg,.919
.011_ 12122022 092820.jpeg,.011
18.90_ 19122022 223456.jpeg,18.90
2_ 12122022 125321.jpeg,2
8.50_ 19122022 231536.jpeg,8.50
4_ 12122022 130740.jpeg,4
77.8_ 24122022 232415.jpeg,77.8
-145.5_ 25122022 00309.jpeg,-145.5
.653_ 12122022 114752.jpeg,.653
8_ 12122022 131117.jpeg,8
.107_ 12122022 095910.jpeg,.107
94.7_ 25122022 00904.jpeg,94.7
.203_ 12122022 102301.jpeg,.203
-11.6_ 25122022 01227.jpeg,-11.6
08.9_ 24122022 230046.jpeg,08.9
-158.8_ 25122022 00209.jpeg,-158.8
-19.30_ 20122022 04532.jpeg,-19.30
.988_ 12122022 123549binary.jpeg,.988
0.13_ 19122022 205558.jpeg,0.13
.172_ 12122022 101721.jpeg,.172
.119_ 12122022 100534.jpeg,.119
-0.15_ 19122022 213412.jpeg,-0.15
5_ 12122022 130053.jpeg,5
-99.0_ 25122022 01213.jpeg,-99.0
-136.5_ 24122022 232752.jpeg,-136.5
106.2_ 25122022 00611.jpeg,106.2
-135.9_ 25122022 00307.jpeg,-135.9
.132_ 12122022 101212.jpeg,.132
-19.00_ 20122022 04420.jpeg,-19.00
-0.01_ 19122022 215113.jpeg,-0.01
-0.58_ 19122022 214740binary.jpeg,-0.58
.749_ 12122022 120246.jpeg,.749
90.0_ 24122022 232645.jpeg,90.0
4.10_ 19122022 233324.jpeg,4.10
.805_ 12122022 120955.jpeg,.805
8_ 12122022 131114.jpeg,8
0.89_ 19122022 211626.jpeg,0.89
.538_ 12122022 112354.jpeg,.538
172.0_ 25122022 01059.jpeg,172.0
.871_ 12122022 122017.jpeg,.871
.049_ 12122022 094711.jpeg,.049
5_ 12122022 125120.jpeg,5
10.5_ 25122022 00911.jpeg,10.5
.700_ 12122022 115508binary.jpeg,.700
0.04_ 19122022 205445.jpeg,0.04
2_ 12122022 125251.jpeg,2
-88.1_ 25122022 01317.jpeg,-88.1
8.33_ 19122022 231605.jpeg,8.33
0.88_ 19122022 211806.jpeg,0.88
-156.3_ 25122022 00311.jpeg,-156.3
19.10_ 19122022 223315.jpeg,19.10
3_ 12122022 130121.jpeg,3
.127_ 12122022 100628.jpeg,.127
-7.20_ 20122022 02040.jpeg,-7.20
.198_ 12122022 102240.jpeg,.198
.316_ 12122022 105455.jpeg,.316
.060_ 12122022 094825.jpeg,.060
18.50_ 19122022 223700.jpeg,18.50
-16.49_ 20122022 05009.jpeg,-16.49
.657_ 12122022 114817.jpeg,.657
.626_ 12122022 114410.jpeg,.626
.774_ 12122022 120553.jpeg,.774
171.3_ 24122022 230936.jpeg,171.3
118.0_ 24122022 232649.jpeg,118.0
.104_ 12122022 095843.jpeg,.104
.482_ 12122022 111539.jpeg,.482
1_ 12122022 130430.jpeg,1
.993_ 12122022 123624.jpeg,.993
17.20_ 19122022 224214.jpeg,17.20
.444_ 12122022 111112.jpeg,.444
-11.3_ 25122022 01226.jpeg,-11.3
-17.09_ 20122022 05208.jpeg,-17.09
.330_binary.jpeg,.330
-43.7_ 25122022 01221.jpeg,-43.7
.588_ 12122022 113008.jpeg,.588
6_ 12122022 130855.jpeg,6
-123.9_ 25122022 01313.jpeg,-123.9
-06.8_ 24122022 232805.jpeg,-06.8
-6.90_ 20122022 01954.jpeg,-6.90
5.20_ 19122022 232839.jpeg,5.20
.108_ 12122022 100426.jpeg,.108
-0.49_ 19122022 214523.jpeg,-0.49
-69.8_ 25122022 00231.jpeg,-69.8
25.9_ 24122022 232614.jpeg,25.9
.428_ 12122022 110922.jpeg,.428
69.6_ 24122022 230437.jpeg,69.6
19.70_ 19122022 223034.jpeg,19.70
-124.2_ 25122022 01256.jpeg,-124.2
.366_ 12122022 110112.jpeg,.366
7_ 12122022 125045.jpeg,7
29.1_ 25122022 01032.jpeg,29.1
18.00_ 19122022 223849.jpeg,18.00
-173.3_ 25122022 01159.jpeg,-173.3
-11.70_ 20122022 00903.jpeg,-11.70
-27.0_ 25122022 01321.jpeg,-27.0
.694_ 12122022 115410.jpeg,.694
142.9_ 24122022 232654.jpeg,142.9
-46.4_ 25122022 00406.jpeg,-46.4
.319_ 12122022 105516.jpeg,.319
13.31_ 19122022 225640.jpeg,13.31
.248_ 12122022 102842.jpeg,.248
.989_ 12122022 123603.jpeg,.989
14.50_ 19122022 225243.jpeg,14.50
7_ 12122022 130018.jpeg,7
.700_ 12122022 115451.jpeg,.700
.563_ 12122022 112639binary.jpeg,.563
-13.90_ 20122022 00358.jpeg,-13.90
.211_ 12122022 102402.jpeg,.211
30.7_ 25122022 01033.jpeg,30.7
5_ 12122022 130813.jpeg,5
.445_ 12122022 111126.jpeg,.445
146.3_ 25122022 01052.jpeg,146.3
.349_ 12122022 105841.jpeg,.349
5.00_ 19122022 232908.jpeg,5.00
7_ 12122022 130020.jpeg,7
.242_ 12122022 102801.jpeg,.242
.301_ 12122022 105310.jpeg,.301
0_ 12122022 124128.jpeg,0
-0.09_ 19122022 213557.jpeg,-0.09
-12.80_ 20122022 00649.jpeg,-12.80
74.3_ 24122022 232413.jpeg,74.3
158.3_ 25122022 00534.jpeg,158.3
.571_ 12122022 112741.jpeg,.571
74.6_ 25122022 00440.jpeg,74.6
.791_ 12122022 120819.jpeg,.791
-0.47_ 19122022 214536.jpeg,-0.47
116.7_ 25122022 01117.jpeg,116.7
.531_ 12122022 112306binary.jpeg,.531
.338_ 12122022 105726.jpeg,.338
195.0_ 24122022 230955.jpeg,195.0
.023_ 12122022 094354.jpeg,.023
.116_ 12122022 100520.jpeg,.116
9.90_ 19122022 231000.jpeg,9.90
-0.24_ 19122022 215426.jpeg,-0.24
5_ 12122022 130809.jpeg,5
91.2_ 25122022 00515.jpeg,91.2
.547_ 12122022 112503.jpeg,.547
-47.8_ 25122022 01238.jpeg,-47.8
.941_ 12122022 122951.jpeg,.941
-172.3_ 25122022 01200.jpeg,-172.3
25.1_ 25122022 00429.jpeg,25.1
.586_ 12122022 112947.jpeg,.586
-2.80_ 20122022 03050.jpeg,-2.80
.918_ 12122022 122646.jpeg,.918
2_ 12122022 130544.jpeg,2
.109_ 12122022 100015.jpeg,.109
166.6_ 25122022 00604.jpeg,166.6
0_ 12122022 124006.jpeg,0
.189_ 12122022 102137.jpeg,.189
.397_ 12122022 110444.jpeg,.397
-2.40_ 20122022 02519.jpeg,-2.40
20.3_ 25122022 01026.jpeg,20.3
.869_ 12122022 122002.jpeg,.869
141.6_ 25122022 00836.jpeg,141.6
-45.1_ 24122022 232729.jpeg,-45.1
.696_ 12122022 115418.jpeg,.696
.421_.jpeg,.421
91.5_ 24122022 232421.jpeg,91.5
1._ 12122022 123758.jpeg,1.
6._ 12122022 124734.jpeg,6.
4.24_ 19122022 233202.jpeg,4.24
.890_ 12122022 122225.jpeg,.890
115.5_ 24122022 232359.jpeg,115.5
13.6_ 24122022 230123.jpeg,13.6
0.81_ 19122022 211332.jpeg,0.81
196.9_ 24122022 231900.jpeg,196.9
.988_ 12122022 123541.jpeg,.988
.056_ 12122022 094758.jpeg,.056
.788_ 12122022 120747.jpeg,.788
-25.0_ 25122022 00333.jpeg,-25.0
149.5_ 25122022 01113.jpeg,149.5
.740_ 12122022 120034.jpeg,.740
.028_ 12122022 094452.jpeg,.028
.380_ 12122022 110248.jpeg,.380
.976_ 12122022 123423.jpeg,.976
.799_ 12122022 120915.jpeg,.799
147.2_ 25122022 00837.jpeg,147.2
-18.50_ 20122022 04218.jpeg,-18.50
.912_ 12122022 122525.jpeg,.912
.967_ 12122022 123312.jpeg,.967
.474_ 12122022 111438.jpeg,.474
8.07_ 19122022 231755.jpeg,8.07
-1.11_ 19122022 222141.jpeg,-1.11
.475_ 12122022 111445.jpeg,.475
133.3_ 25122022 00609.jpeg,133.3
.855_ 12122022 121745.jpeg,.855
-170.7_ 25122022 01201.jpeg,-170.7
.632_ 12122022 114452.jpeg,.632
.887_ 12122022 122211.jpeg,.887
175.4_ 25122022 01100.jpeg,175.4
.459_ 12122022 111255.jpeg,.459
-153.9_ 25122022 01205.jpeg,-153.9
0.27_ 19122022 210046.jpeg,0.27
.505_ 12122022 112013.jpeg,.505
16.10_ 19122022 224619.jpeg,16.10
.700_ 12122022 115459.jpeg,.700
0.49_ 19122022 210745.jpeg,0.49
.084_ 12122022 095115.jpeg,.084
71.8_ 24122022 232604.jpeg,71.8
.640_ 12122022 114605.jpeg,.640
5_ 12122022 130802.jpeg,5
-6.10_ 20122022 03944.jpeg,-6.10
-132.1_ 25122022 01257.jpeg,-132.1
99.4_ 25122022 00443.jpeg,99.4
-6.00_ 20122022 03937.jpeg,-6.00
13.41_ 19122022 225555.jpeg,13.41
173.1_ 25122022 00536.jpeg,173.1
.971_ 12122022 123348.jpeg,.971
0_ 12122022 124137.jpeg,0
116.8_ 24122022 232358.jpeg,116.8
-196.1_ 25122022 01154.jpeg,-196.1
.370_ 12122022 110139.jpeg,.370
.037_.jpeg,.037
0.28_ 19122022 210037.jpeg,0.28
9._ 12122022 124828.jpeg,9.
-128.9_ 24122022 232740.jpeg,-128.9
3._ 12122022 124634.jpeg,3.
6._ 12122022 124732.jpeg,6.
5_ 12122022 125124.jpeg,5
-176.8_ 25122022 01158.jpeg,-176.8
7.00_ 19122022 232208.jpeg,7.00
4._ 12122022 124658.jpeg,4.
9_ 12122022 124956.jpeg,9
-0.30_ 19122022 214433.jpeg,-0.30
59.5_ 25122022 00825.jpeg,59.5
-131.6_ 25122022 00306.jpeg,-131.6
.569_ 12122022 112728.jpeg,.569
-138.1_ 25122022 01312.jpeg,-138.1
.805_ 12122022 120947.jpeg,.805
17.3_ 25122022 01131.jpeg,17.3
.570_ 12122022 112734.jpeg,.570
.481_ 12122022 111532.jpeg,.481
70.1_ 24122022 232508.jpeg,70.1
.488_ 12122022 111638.jpeg,.488
188.6_ 25122022 00601.jpeg,188.6
18.10_ 19122022 223823.jpeg,18.10
.321_ 12122022 105530.jpeg,.321
0.63_ 19122022 221308.jpeg,0.63
5.31_ 19122022 232801.jpeg,5.31
-12.1_ 24122022 232802.jpeg,-12.1
.196_ 12122022 102220.jpeg,.196
0.08_ 19122022 205612.jpeg,0.08
47.2_ 25122022 01035.jpeg,47.2
143.6_ 25122022 00852.jpeg,143.6
7.40_ 19122022 232051.jpeg,7.40
125.0_ 24122022 232651.jpeg,125.0
-17.70_ 20122022 05711.jpeg,-17.70
.949_ 12122022 123118.jpeg,.949
.236_ 12122022 102713.jpeg,.236
.730_ 12122022 115921.jpeg,.730
-10.20_ 20122022 00102.jpeg,-10.20
.661_ 12122022 114907.jpeg,.661
6.50_ 19122022 232315.jpeg,6.50
187.6_ 25122022 01102.jpeg,187.6
94.9_ 25122022 00514.jpeg,94.9
-09.9_ 25122022 00238.jpeg,-09.9
.660_ 12122022 114851.jpeg,.660
.252_ 12122022 102902.jpeg,.252
0.10_ 19122022 205657.jpeg,0.10
3_ 12122022 125207.jpeg,3
0.90_ 19122022 211618.jpeg,0.90
.083_ 12122022 095108.jpeg,.083
.421_ 12122022 110803.jpeg,.421
.924_ 12122022 122746.jpeg,.924
28.8_ 24122022 232339.jpeg,28.8
-0.23_ 19122022 215419.jpeg,-0.23
-0.03_ 19122022 212342.jpeg,-0.03
0.70_ 19122022 211200.jpeg,0.70
.501_ 12122022 111822.jpeg,.501
0.84_ 19122022 211348.jpeg,0.84
.935_ 12122022 122857.jpeg,.935
-0.53_ 19122022 220642.jpeg,-0.53
9_ 12122022 131143.jpeg,9
9.20_ 19122022 231248.jpeg,9.20
-6.40_ 19122022 235735.jpeg,-6.40
.433_ 12122022 110950.jpeg,.433
125.0_ 24122022 232428.jpeg,125.0
-137.9_ 25122022 00353.jpeg,-137.9
-96.6_ 25122022 01214.jpeg,-96.6
1_ 12122022 124332.jpeg,1
.035_ 12122022 094533.jpeg,.035
.437_ 12122022 111024.jpeg,.437
.222_ 12122022 102510.jpeg,.222
.596_ 12122022 113103.jpeg,.596
.202_ 12122022 102254.jpeg,.202
-10.2_ 25122022 00241.jpeg,-10.2
-6.20_ 19122022 235721.jpeg,-6.20
-16.29_ 20122022 04934.jpeg,-16.29
.417_ 12122022 110708binary.jpeg,.417
8.08_ 19122022 231741.jpeg,8.08
136.5_ 25122022 01050.jpeg,136.5
-62.9_ 25122022 01242.jpeg,-62.9
52.9_ 25122022 00901.jpeg,52.9
.157_ 12122022 101539.jpeg,.157
102.2_ 25122022 00856.jpeg,102.2
-188.8_ 24122022 232748.jpeg,-188.8
.877_ 12122022 122052.jpeg,.877
10.2_ 25122022 00506.jpeg,10.2
.622_ 12122022 113947.jpeg,.622
-0.71_ 19122022 221413.jpeg,-0.71
.988_ 12122022 123549.jpeg,.988
.261_ 12122022 103011.jpeg,.261
.161_ 12122022 101606.jpeg,.161
.517_ 12122022 112137.jpeg,.517
193.8_ 24122022 232144.jpeg,193.8
.625_ 12122022 114354.jpeg,.625
5_ 12122022 125127.jpeg,5
.697_ 12122022 115426.jpeg,.697
.778_ 12122022 120626.jpeg,.778
-62.1_ 25122022 00203.jpeg,-62.1
1.11_ 19122022 222638.jpeg,1.11
0.73_ 19122022 220049.jpeg,0.73
.880_ 12122022 122128.jpeg,.880
-50.0_ 25122022 00405.jpeg,-50.0
.649_ 12122022 114710.jpeg,.649
.500_ 12122022 111801.jpeg,.500
.002_ 12122022 092637.jpeg,.002
-15.30_ 20122022 10251.jpeg,-15.30
.526_ 12122022 112232.jpeg,.526
.481_ 12122022 111519.jpeg,.481
6.40_ 19122022 232328.jpeg,6.40
-7.60_ 20122022 00146.jpeg,-7.60
07.3_ 24122022 225444.jpeg,07.3
.190_ 12122022 102151.jpeg,.190
-33.3_ 25122022 00251.jpeg,-33.3
15.00_ 19122022 225019.jpeg,15.00
-102.3_ 24122022 232735.jpeg,-102.3
.818_ 12122022 121239.jpeg,.818
71.8_ 25122022 01038.jpeg,71.8
-143.6_ 25122022 01300.jpeg,-143.6
.069_ 12122022 094933.jpeg,.069
-177.4_ 24122022 232746.jpeg,-177.4
68.9_ 25122022 00906.jpeg,68.9
7.19_ 19122022 232132.jpeg,7.19
.143_ 12122022 101404.jpeg,.143
-87.2_ 24122022 232733.jpeg,-87.2
.124_ 12122022 100608.jpeg,.124
.215_ 12122022 102423.jpeg,.215
111.9_ 25122022 01044.jpeg,111.9
183.7_ 24122022 232523.jpeg,183.7
.605_ 12122022 113152.jpeg,.605
.196_ 12122022 102226.jpeg,.196
40.0_ 25122022 00822.jpeg,40.0
-112.8_ 25122022 01253.jpeg,-112.8
.486_ 12122022 111600.jpeg,.486
.017_ 12122022 094313.jpeg,.017
-135.8_ 24122022 232741.jpeg,-135.8
71.5_ 24122022 232605.jpeg,71.5
197.1_ 24122022 231855.jpeg,197.1
.309_ 12122022 105404.jpeg,.309
-18.70_ 20122022 04316.jpeg,-18.70
-16.60_ 20122022 05044.jpeg,-16.60
.258_ 12122022 102950binary.jpeg,.258
6.30_ 19122022 232336.jpeg,6.30
.767_ 12122022 120504.jpeg,.767
-4.10_ 20122022 03611.jpeg,-4.10
.422_ 12122022 110810.jpeg,.422
.168_ 12122022 101701binary.jpeg,.168
.105_ 12122022 095850.jpeg,.105
13.5_ 25122022 00505.jpeg,13.5
.783_ 12122022 120715.jpeg,.783
9.00_ 19122022 231329.jpeg,9.00
-31.2_ 25122022 00336.jpeg,-31.2
07.6_ 24122022 225803.jpeg,07.6
140.2_ 24122022 232518.jpeg,140.2
.452_ 12122022 111207.jpeg,.452
4.89_ 19122022 232928.jpeg,4.89
.288_ 12122022 103359.jpeg,.288
.423_ 12122022 110841.jpeg,.423
.941_ 12122022 122958.jpeg,.941
.358_ 12122022 110017.jpeg,.358
134.3_ 25122022 01048.jpeg,134.3
0.32_ 19122022 210458.jpeg,0.32
0.66_ 19122022 211227.jpeg,0.66
1._ 12122022 123755.jpeg,1.
.531_ 12122022 112313.jpeg,.531
-53.6_ 25122022 00340.jpeg,-53.6
.144_ 12122022 101418.jpeg,.144
-95.7_ 25122022 01316.jpeg,-95.7
.529_ 12122022 112252.jpeg,.529
.932_ 12122022 122843.jpeg,.932
3.99_ 19122022 233335.jpeg,3.99
-8.90_ 20122022 01316.jpeg,-8.90
161.3_ 24122022 232521.jpeg,161.3
-0.17_ 19122022 213336.jpeg,-0.17
.235_ 12122022 102706binary.jpeg,.235
.583_ 12122022 112933.jpeg,.583
.608_ 12122022 113213.jpeg,.608
9_ 12122022 131139.jpeg,9
.706_ 12122022 115557.jpeg,.706
28.1_ 24122022 232611.jpeg,28.1
0.24_ 19122022 210026.jpeg,0.24
.363_ 12122022 110051.jpeg,.363
14.60_ 19122022 225231.jpeg,14.60
.712_ 12122022 115646.jpeg,.712
.891_ 12122022 122254.jpeg,.891
.144_ 12122022 101411.jpeg,.144
99.0_ 25122022 01042.jpeg,99.0
-17.60_ 20122022 05700.jpeg,-17.60
28.7_ 25122022 01031.jpeg,28.7
0.20_ 19122022 210144.jpeg,0.20
-0.03_ 19122022 212342binary.jpeg,-0.03
.232_ 12122022 102645.jpeg,.232
.890_ 12122022 122232.jpeg,.890
15.30_ 19122022 224844.jpeg,15.30
-2.50_ 20122022 02531.jpeg,-2.50
-7.91_ 20122022 00218.jpeg,-7.91
-16.30_ 20122022 04954.jpeg,-16.30
.120_ 12122022 100541.jpeg,.120
9.80_ 19122022 231040.jpeg,9.80
96.1_ 25122022 01119.jpeg,96.1
.623_ 12122022 114346.jpeg,.623
.396_ 12122022 110438.jpeg,.396
.813_ 12122022 121108.jpeg,.813
.719_ 12122022 115759.jpeg,.719
-195.3_ 25122022 01155.jpeg,-195.3
-12.70_ 20122022 00718.jpeg,-12.70
82.9_ 25122022 00513.jpeg,82.9
-173.5_ 24122022 232821.jpeg,-173.5
-9.80_ 20122022 01604.jpeg,-9.80
-11.30_ 20122022 01211.jpeg,-11.30
19.92_ 19122022 222917.jpeg,19.92
.238_ 12122022 102733.jpeg,.238
.099_ 12122022 095256.jpeg,.099
66.9_ 24122022 230506.jpeg,66.9
.774_ 12122022 120601.jpeg,.774
.500_ 12122022 111815.jpeg,.500
0.09_ 19122022 205619.jpeg,0.09
.072_ 12122022 094954.jpeg,.072
13.20_ 19122022 225710.jpeg,13.20
.572_ 12122022 112748.jpeg,.572
.496_ 12122022 111740.jpeg,.496
3_ 12122022 130614.jpeg,3
112.0_ 24122022 232425.jpeg,112.0
.964_ 12122022 123251.jpeg,.964
12.80_ 19122022 225846.jpeg,12.80
0.60_.jpeg,0.60
-51.2_ 25122022 01239.jpeg,-51.2
.888_ 12122022 122218.jpeg,.888
.958_ 12122022 123222.jpeg,.958
.838_ 12122022 121519.jpeg,.838
.643_ 12122022 114621.jpeg,.643
.063_ 12122022 094846.jpeg,.063
.265_ 12122022 103038.jpeg,.265
0.41_ 19122022 210436binary.jpeg,0.41
116.9_ 25122022 00531.jpeg,116.9
4_ 12122022 125143.jpeg,4
5.98_ 19122022 232416.jpeg,5.98
-3.50_ 20122022 02805.jpeg,-3.50
14.10_ 19122022 225344.jpeg,14.10
-152.8_ 25122022 01301.jpeg,-152.8
0.18_ 19122022 205838.jpeg,0.18
.007_ 12122022 092753.jpeg,.007
-136.1_ 25122022 01259.jpeg,-136.1
.311_ 12122022 105418.jpeg,.311
-56.9_ 25122022 01219.jpeg,-56.9
.815_ 12122022 121207.jpeg,.815
56.5_ 24122022 232340.jpeg,56.5
-0.94_ 19122022 221450.jpeg,-0.94
-154.9_ 25122022 00348.jpeg,-154.9
-12.60_ 20122022 00731.jpeg,-12.60
189.1_ 24122022 232701.jpeg,189.1
-0.88_ 19122022 212245.jpeg,-0.88
.915_ 12122022 122553.jpeg,.915
.365_.jpeg,.365
.778_ 12122022 120634.jpeg,.778
.192_ 12122022 102205.jpeg,.192
9._ 12122022 124839.jpeg,9.
.316_ 12122022 105448.jpeg,.316
.382_ 12122022 110302.jpeg,.382
-19.80_ 20122022 04736.jpeg,-19.80
.605_ 12122022 113144.jpeg,.605
.984_ 12122022 123520.jpeg,.984
2.60_ 19122022 233610.jpeg,2.60
137.3_ 24122022 232432.jpeg,137.3
-13.4_ 24122022 232809.jpeg,-13.4
-7.40_ 20122022 02110.jpeg,-7.40
189.4_ 25122022 01108.jpeg,189.4
.487_ 12122022 111632.jpeg,.487
.564_ 12122022 112652.jpeg,.564
09.9_ 24122022 225907.jpeg,09.9
05.5_ 24122022 225116.jpeg,05.5
-98.7_ 24122022 232754.jpeg,-98.7
18.30_ 19122022 223734.jpeg,18.30
-116.7_ 24122022 232738.jpeg,-116.7
-91.1_ 25122022 00228.jpeg,-91.1
99.7_ 25122022 00457.jpeg,99.7
.788_ 12122022 120755.jpeg,.788
-7.30_ 20122022 02158.jpeg,-7.30
12.60_ 19122022 225930.jpeg,12.60
-11.80_ 20122022 00913.jpeg,-11.80
4.40_ 19122022 233142.jpeg,4.40
-56.0_ 25122022 01240.jpeg,-56.0
81.3_ 24122022 232509.jpeg,81.3
.951_ 12122022 123126.jpeg,.951
.794_ 12122022 120851.jpeg,.794
154.6_ 25122022 00845.jpeg,154.6
194.4_ 24122022 231237.jpeg,194.4
-96.7_ 25122022 01249.jpeg,-96.7
-19.99_ 20122022 04832.jpeg,-19.99
.839_ 12122022 121527.jpeg,.839
-1.06_ 19122022 222211.jpeg,-1.06
.608_ 12122022 113442.jpeg,.608
.433_ 12122022 110957.jpeg,.433
10.90_ 19122022 230455.jpeg,10.90
0_ 12122022 124000.jpeg,0
74.4_ 24122022 232642.jpeg,74.4
.056_ 12122022 094805.jpeg,.056
.466_.jpeg,.466
.209_ 12122022 102342.jpeg,.209
.278_ 12122022 103200.jpeg,.278
-2.90_ 20122022 02339.jpeg,-2.90
.139_ 12122022 101337.jpeg,.139
-41.4_ 25122022 01222.jpeg,-41.4
15.3_ 25122022 01130.jpeg,15.3
-34.0_ 25122022 00331.jpeg,-34.0
15.90_ 19122022 224648.jpeg,15.90
.949_ 12122022 123111.jpeg,.949
7.60_ 19122022 232031.jpeg,7.60
.258_ 12122022 102950.jpeg,.258
93.6_ 24122022 232401.jpeg,93.6
83.4_ 25122022 01039.jpeg,83.4
.351_ 12122022 105902.jpeg,.351
.251_ 12122022 102855.jpeg,.251
-2.81_ 20122022 02405.jpeg,-2.81
9.40_ 19122022 231225.jpeg,9.40
189.0_ 24122022 231328.jpeg,189.0
-138.0_ 25122022 00354.jpeg,-138.0
.178_ 12122022 101848.jpeg,.178
.466_ 12122022 111343.jpeg,.466
-8.40_ 20122022 01837.jpeg,-8.40
.469_ 12122022 111410.jpeg,.469
-190.8_ 25122022 00350.jpeg,-190.8
.129_ 12122022 100648.jpeg,.129
.967_ 12122022 123326.jpeg,.967
.636_ 12122022 114524.jpeg,.636
.923_ 12122022 122738.jpeg,.923
1.10_ 19122022 222542.jpeg,1.10
.736_ 12122022 120001.jpeg,.736
171.0_ 25122022 00550.jpeg,171.0
-155.7_ 24122022 232744.jpeg,-155.7
4.70_ 19122022 233236.jpeg,4.70
-112.5_ 25122022 01315.jpeg,-112.5
155.6_ 24122022 232434.jpeg,155.6
.278_ 12122022 103207.jpeg,.278
2_ 12122022 125338.jpeg,2
-8.20_ 20122022 00315.jpeg,-8.20
.212_ 12122022 102355.jpeg,.212
.872_ 12122022 122031.jpeg,.872
161.5_ 25122022 00839.jpeg,161.5
.414_ 12122022 110641.jpeg,.414
-165.2_ 25122022 01308.jpeg,-165.2
19.6_ 25122022 00618.jpeg,19.6
-61.6_ 25122022 01241.jpeg,-61.6
.996_ 12122022 123645.jpeg,.996
-0.40_ 19122022 214847.jpeg,-0.40
-116.0_ 24122022 232753.jpeg,-116.0
.607_ 12122022 113206.jpeg,.607
0._ 12122022 124444.jpeg,0.
0_ 12122022 130332.jpeg,0
-96.6_ 25122022 00300.jpeg,-96.6
.299_ 12122022 105243.jpeg,.299
.043_ 12122022 094637.jpeg,.043
.001_ 12122022 105719.jpeg,.001
.811_ 12122022 121043.jpeg,.811
-0.10_ 19122022 213608.jpeg,-0.10
113.9_ 24122022 232559.jpeg,113.9
1._ 12122022 123816.jpeg,1.
.468_ 12122022 111357.jpeg,.468
.936_ 12122022 122904.jpeg,.936
-164.6_ 25122022 01309.jpeg,-164.6
-72.7_ 25122022 00341.jpeg,-72.7
-13.1_ 25122022 00239.jpeg,-13.1
90.7_ 25122022 01041.jpeg,90.7
10.81_ 19122022 230508.jpeg,10.81
17.50_ 19122022 224132.jpeg,17.50
.546_ 12122022 112449.jpeg,.546
.928_ 12122022 122807.jpeg,.928
-14.20_ 20122022 05928.jpeg,-14.20
.565_ 12122022 112659.jpeg,.565
6_ 12122022 125102.jpeg,6
.368_ 12122022 110126.jpeg,.368
195.1_ 24122022 230958.jpeg,195.1
-54.8_ 25122022 01220.jpeg,-54.8
1.60_ 19122022 234653.jpeg,1.60
.016_ 12122022 094306.jpeg,.016
.147_.jpeg,.147
-85.8_ 25122022 00259.jpeg,-85.8
4.80_ 19122022 233221.jpeg,4.80
166.4_ 25122022 00557.jpeg,166.4
.149_ 12122022 101452.jpeg,.149
-4.60_ 20122022 03510.jpeg,-4.60
159.5_ 25122022 00838.jpeg,159.5
.075_binary.jpeg,.075
7_ 12122022 130957.jpeg,7
-0.27_ 19122022 215536.jpeg,-0.27
-0.67_ 19122022 221151.jpeg,-0.67
46.3_ 24122022 232608.jpeg,46.3
.006_ 12122022 092746.jpeg,.006
.465_ 12122022 111336.jpeg,.465
-71.5_ 25122022 00407.jpeg,-71.5
.235_ 12122022 102706.jpeg,.235
.335_ 12122022 105705.jpeg,.335
.725_ 12122022 115840.jpeg,.725
.679_ 12122022 115153.jpeg,.679
0.91_ 19122022 211612.jpeg,0.91
25.2_ 25122022 00430.jpeg,25.2
-19.10_ 20122022 04502.jpeg,-19.10
.290_ 12122022 103413.jpeg,.290
-15.90_ 20122022 10431.jpeg,-15.90
1.40_ 19122022 234515.jpeg,1.40
.218_ 12122022 102443.jpeg,.218
-0.87_ 19122022 212241.jpeg,-0.87
-3.30_ 20122022 02830.jpeg,-3.30
190.7_ 25122022 00538.jpeg,190.7
-40.4_ 25122022 01320.jpeg,-40.4
.412_ 12122022 110608.jpeg,.412
.197_ 12122022 102233.jpeg,.197
0.43_ 19122022 210425.jpeg,0.43
.378_ 12122022 110234.jpeg,.378
.116_ 12122022 100514.jpeg,.116
.346_ 12122022 105827.jpeg,.346
.266_ 12122022 103045.jpeg,.266
.681_ 12122022 115217.jpeg,.681
.331_ 12122022 105645.jpeg,.331
-0.48_ 19122022 214602.jpeg,-0.48
.618_ 12122022 113918.jpeg,.618
.543_ 12122022 112428.jpeg,.543
-1.07_ 19122022 222116.jpeg,-1.07
.306_ 12122022 105344.jpeg,.306
.510_ 12122022 112041.jpeg,.510
12.70_ 19122022 225921.jpeg,12.70
68.1_ 24122022 232336.jpeg,68.1
.418_ 12122022 110715.jpeg,.418
.595_ 12122022 113056.jpeg,.595
.024_ 12122022 094407.jpeg,.024
9_ 12122022 124949.jpeg,9
.722_ 12122022 115808.jpeg,.722
115.4_ 24122022 232238.jpeg,115.4
.492_ 12122022 111706.jpeg,.492
19.94_ 19122022 222859binary.jpeg,19.94
.609_ 12122022 113516.jpeg,.609
.756_ 12122022 120334.jpeg,.756
.708_ 12122022 115622.jpeg,.708
.819_ 12122022 121247.jpeg,.819
.037_ 12122022 094546.jpeg,.037
.705_ 12122022 115549.jpeg,.705
.357_ 12122022 110010.jpeg,.357
.817_ 12122022 121223.jpeg,.817
75.8_ 25122022 00858.jpeg,75.8
-13.70_ 20122022 00441.jpeg,-13.70
-0.77_ 19122022 215852.jpeg,-0.77
.844_ 12122022 121607.jpeg,.844
-0.32_ 19122022 214442.jpeg,-0.32
0.07_ 19122022 205710.jpeg,0.07
1_ 12122022 124323.jpeg,1
-0.26_ 19122022 214240.jpeg,-0.26
-0.05_ 19122022 213452.jpeg,-0.05
132.1_ 24122022 232215.jpeg,132.1
177.6_ 25122022 00841.jpeg,177.6
-5.80_ 20122022 03856.jpeg,-5.80
.853_ 12122022 121728.jpeg,.853
.948_ 12122022 123104.jpeg,.948
53.1_ 24122022 232505.jpeg,53.1
.880_ 12122022 122121.jpeg,.880
-116.6_ 24122022 232737.jpeg,-116.6
105.8_ 25122022 00452.jpeg,105.8
5.10_ 19122022 232855.jpeg,5.10
.727_ 12122022 115848.jpeg,.727
15.10_ 19122022 224957.jpeg,15.10
120.8_ 25122022 00610.jpeg,120.8
.796_ 12122022 120859.jpeg,.796
.755_ 12122022 120326.jpeg,.755
.224_ 12122022 102524.jpeg,.224
1_ 12122022 130145.jpeg,1
-0.75_ 19122022 215949.jpeg,-0.75
.148_ 12122022 101438.jpeg,.148
0.58_ 19122022 210514.jpeg,0.58
-0.69_ 19122022 221134.jpeg,-0.69
7.80_ 19122022 231930.jpeg,7.80
.718_ 12122022 115743.jpeg,.718
.512_ 12122022 112102.jpeg,.512
.879_ 12122022 122113.jpeg,.879
59.7_ 24122022 232506.jpeg,59.7
105.2_ 24122022 232335.jpeg,105.2
.624_ 12122022 114015.jpeg,.624
-34.4_ 25122022 00329.jpeg,-34.4
.676_ 12122022 115137.jpeg,.676
.469_ 12122022 111403.jpeg,.469
.599_ 12122022 113117.jpeg,.599
.713_ 12122022 115702.jpeg,.713
.010_ 12122022 093141.jpeg,.010
-14.10_ 20122022 05921.jpeg,-14.10
.539_ 12122022 112401.jpeg,.539
170.2_ 24122022 232657.jpeg,170.2
.500_.jpeg,.500
5_ 12122022 130047.jpeg,5
.125_ 12122022 100621.jpeg,.125
.471_ 12122022 111417.jpeg,.471
2_ 12122022 130540.jpeg,2
.282_ 12122022 103259.jpeg,.282
.856_ 12122022 121753.jpeg,.856
137.1_ 25122022 01114.jpeg,137.1
.297_ 12122022 105223.jpeg,.297
0.33_ 19122022 210712.jpeg,0.33
7._ 12122022 124748.jpeg,7.
-156.5_ 25122022 01310.jpeg,-156.5
-187.6_ 24122022 232747.jpeg,-187.6
.162_ 12122022 101620.jpeg,.162
1._ 12122022 123801.jpeg,1.
-0.91_ 19122022 212258.jpeg,-0.91
.602_ 12122022 113137.jpeg,.602
.694_ 12122022 115402.jpeg,.694
.864_ 12122022 121908.jpeg,.864
.185_ 12122022 102048.jpeg,.185
.666_ 12122022 114932.jpeg,.666
1.08_ 19122022 222532.jpeg,1.08
0_ 12122022 124135.jpeg,0
.765_ 12122022 120447.jpeg,.765
.729_ 12122022 115904.jpeg,.729
0.12_ 19122022 205825.jpeg,0.12
0.41_ 19122022 210436.jpeg,0.41
-0.02_ 19122022 215104.jpeg,-0.02
.742_ 12122022 120050.jpeg,.742
135.2_ 25122022 01115.jpeg,135.2
147.7_ 24122022 232655.jpeg,147.7
.700_ 12122022 115508.jpeg,.700
05.8_ 25122022 00427.jpeg,05.8
-0.83_ 19122022 212112.jpeg,-0.83
.320_ 12122022 105523.jpeg,.320
.816_ 12122022 121124.jpeg,.816
5._ 12122022 124706.jpeg,5.
.104_ 12122022 095344.jpeg,.104
.794_ 12122022 120835.jpeg,.794
.817_ 12122022 121231.jpeg,.817
.070_ 12122022 094940.jpeg,.070
-161.7_ 24122022 232751.jpeg,-161.7
-0.07_ 19122022 213509.jpeg,-0.07
.454_ 12122022 111221.jpeg,.454
.919_ 12122022 122716.jpeg,.919
13.00_ 19122022 225740.jpeg,13.00
42.7_ 24122022 232504.jpeg,42.7
-0.00_ 19122022 212415.jpeg,-0.00
194.5_ 24122022 231209.jpeg,194.5
9_ 12122022 131134.jpeg,9
.926_ 12122022 122753.jpeg,.926
-4.30_ 20122022 03433.jpeg,-4.30
.812_ 12122022 121052.jpeg,.812
175.7_ 25122022 00847.jpeg,175.7
15.40_ 19122022 224809.jpeg,15.40
122.5_ 25122022 01047.jpeg,122.5
134.5_ 24122022 232357.jpeg,134.5
28.1_ 25122022 00617.jpeg,28.1
05.9_ 24122022 225712.jpeg,05.9
-20.4_ 24122022 232803.jpeg,-20.4
.405_ 12122022 110519.jpeg,.405
.687_ 12122022 115306.jpeg,.687
0.37_ 19122022 210607.jpeg,0.37
-08.6_ 25122022 00246.jpeg,-08.6
11.20_ 19122022 230344.jpeg,11.20
.870_ 12122022 122010.jpeg,.870
7_ 12122022 130011.jpeg,7
-123.3_ 25122022 00207.jpeg,-123.3
.355_ 12122022 105929.jpeg,.355
-15.00_ 20122022 10122.jpeg,-15.00
.758_ 12122022 120359.jpeg,.758
-83.5_ 25122022 01246.jpeg,-83.5
3.50_ 19122022 233930.jpeg,3.50
09.9_ 24122022 232546.jpeg,09.9
-114.0_ 25122022 00357.jpeg,-114.0
86.4_ 24122022 232602.jpeg,86.4
19.50_ 19122022 223055.jpeg,19.50
.866_ 12122022 121925.jpeg,.866
.573_ 12122022 112755.jpeg,.573
.050_ 12122022 094725.jpeg,.050
-12.2_ 24122022 232801.jpeg,-12.2
.285_ 12122022 103321.jpeg,.285
.613_ 12122022 113818.jpeg,.613
95.4_ 25122022 01120.jpeg,95.4
-48.0_ 25122022 00234.jpeg,-48.0
-3.00_ 20122022 02327.jpeg,-3.00
-6.50_ 19122022 235744.jpeg,-6.50
.827_ 12122022 121351.jpeg,.827
.690_ 12122022 115330.jpeg,.690
-131.9_ 25122022 00346.jpeg,-131.9
114.5_ 25122022 00444.jpeg,114.5
4_ 12122022 130734.jpeg,4
6.90_ 19122022 232219.jpeg,6.90
-2.60_ 20122022 02943.jpeg,-2.60
144.8_ 24122022 232433.jpeg,144.8
.439_.jpeg,.439
.112_ 12122022 100446.jpeg,.112
5_ 12122022 125123.jpeg,5
-161.0_ 25122022 00221.jpeg,-161.0
.209_ 12122022 102335.jpeg,.209
.136_ 12122022 101324.jpeg,.136
.040_ 12122022 094610.jpeg,.040
3_ 12122022 130619.jpeg,3
.042_ 12122022 094624.jpeg,.042
.129_ 12122022 100642.jpeg,.129
.619_ 12122022 113925.jpeg,.619
-142.5_ 25122022 01206.jpeg,-142.5
2_ 12122022 125241.jpeg,2
16.70_ 19122022 224410.jpeg,16.70
6._ 12122022 124729.jpeg,6.
.100_ 12122022 095303.jpeg,.100
.703_ 12122022 115532.jpeg,.703
.875_ 12122022 122038.jpeg,.875
.178_ 12122022 101841.jpeg,.178
160.0_ 25122022 01054.jpeg,160.0
-1.20_ 19122022 235145.jpeg,-1.20
12.6_ 25122022 01023.jpeg,12.6
.615_ 12122022 113857.jpeg,.615
-19.20_ 20122022 04513.jpeg,-19.20
.542_ 12122022 112421.jpeg,.542
.174_.jpeg,.174
-0.70_ 19122022 220956.jpeg,-0.70
2.00_ 19122022 234617.jpeg,2.00
0.44_ 19122022 210420.jpeg,0.44
-1.09_ 19122022 222129.jpeg,-1.09
.781_ 12122022 120659.jpeg,.781
.784_ 12122022 120723.jpeg,.784
144.8_ 25122022 00607.jpeg,144.8
.745_ 12122022 120207.jpeg,.745
-0.97_ 19122022 221758.jpeg,-0.97
28.7_ 25122022 00523.jpeg,28.7
-15.60_ 20122022 10326.jpeg,-15.60
22.4_ 25122022 00819.jpeg,22.4
.430_ 12122022 110929.jpeg,.430
16.50_ 19122022 224448.jpeg,16.50
150.6_ 25122022 00606.jpeg,150.6
.776_ 12122022 120617.jpeg,.776
.952_ 12122022 123133.jpeg,.952
5.31_ 19122022 232801binary.jpeg,5.31
.967_ 12122022 123319.jpeg,.967
-112.6_ 24122022 232736.jpeg,-112.6
7_ 12122022 125049.jpeg,7
.764_ 12122022 120431.jpeg,.764
0_ 12122022 124131.jpeg,0
.707_ 12122022 115614.jpeg,.707
-115.9_ 25122022 01254.jpeg,-115.9
-19.90_ 20122022 04815binary.jpeg,-19.90
-10.0_ 25122022 00326.jpeg,-10.0
-0.46_ 19122022 214530.jpeg,-0.46
.751_ 12122022 120254.jpeg,.751
-5.10_ 20122022 03300.jpeg,-5.10
0.60_2.jpeg,0.60
8_ 12122022 125022.jpeg,8
-77.6_ 25122022 01244.jpeg,-77.6
1.12_ 19122022 222632.jpeg,1.12
-30.3_ 24122022 232728.jpeg,-30.3
145.0_ 24122022 232355.jpeg,145.0
80.5_ 25122022 00459.jpeg,80.5
-1.70_ 19122022 235320.jpeg,-1.70
-0.16_ 19122022 213401.jpeg,-0.16
-7.10_ 20122022 02018.jpeg,-7.10
13.90_ 19122022 225459.jpeg,13.90
-0.08_ 19122022 213502.jpeg,-0.08
3.90_ 19122022 233421.jpeg,3.90
17.90_ 19122022 223915.jpeg,17.90
0.74_ 19122022 211253.jpeg,0.74
7_ 12122022 125051.jpeg,7
-64.1_ 24122022 232731.jpeg,-64.1
-14.90_ 20122022 10110binary.jpeg,-14.90
-10.1_ 24122022 232807.jpeg,-10.1
129.7_ 25122022 00854.jpeg,129.7
-136.2_ 25122022 00208.jpeg,-136.2
199.8_ 25122022 00844.jpeg,199.8
-12.50_ 20122022 00806.jpeg,-12.50
5.80_ 19122022 232611.jpeg,5.80
.227_ 12122022 102545.jpeg,.227
178.8_ 24122022 232659.jpeg,178.8
-25.3_ 25122022 00411.jpeg,-25.3
40.1_ 25122022 00823.jpeg,40.1
.971_ 12122022 123341.jpeg,.971
.289_ 12122022 103406.jpeg,.289
.779_ 12122022 120642.jpeg,.779
.110_ 12122022 100440.jpeg,.110
.741_ 12122022 120042.jpeg,.741
141.3_ 25122022 00547.jpeg,141.3
.023_ 12122022 094400.jpeg,.023
.133_ 12122022 101225.jpeg,.133
-5.39_ 20122022 03154.jpeg,-5.39
130.8_ 24122022 232429.jpeg,130.8
.809_ 12122022 121027.jpeg,.809
0.85_ 19122022 211420.jpeg,0.85
70.3_ 25122022 00902.jpeg,70.3
192.7_ 25122022 00555.jpeg,192.7
.858_ 12122022 121801.jpeg,.858
.414_ 12122022 110647.jpeg,.414
.555_ 12122022 112551.jpeg,.555
199.7_ 24122022 232030.jpeg,199.7
-161.1_ 25122022 00220.jpeg,-161.1
.108_ 12122022 100001.jpeg,.108
64.2_ 24122022 232606.jpeg,64.2
-146.4_ 25122022 00223.jpeg,-146.4
-0.55_ 19122022 214809.jpeg,-0.55
0._ 12122022 124449.jpeg,0.
178.2_ 25122022 01101.jpeg,178.2
.205_ 12122022 102314.jpeg,.205
.635_ 12122022 114516.jpeg,.635
.606_ 12122022 113159.jpeg,.606
5.30_ 19122022 232828.jpeg,5.30
.362_ 12122022 110044.jpeg,.362
.121_ 12122022 100915.jpeg,.121
-16.90_ 20122022 05146.jpeg,-16.90
-0.21_ 19122022 214705.jpeg,-0.21
.821_ 12122022 121311.jpeg,.821
-17.00_ 20122022 05154.jpeg,-17.00
1_ 12122022 124321.jpeg,1
-14.60_ 20122022 10035.jpeg,-14.60
.986_ 12122022 123527.jpeg,.986
.112_.jpeg,.112
.211_ 12122022 102348.jpeg,.211
88.8_ 24122022 232601.jpeg,88.8
68.2_ 25122022 00859.jpeg,68.2
0.50_ 19122022 220743.jpeg,0.50
-1.06_ 19122022 222211binary.jpeg,-1.06
.881_ 12122022 122136.jpeg,.881
0.77_ 19122022 211312.jpeg,0.77
189.2_ 24122022 232439.jpeg,189.2
0_ 12122022 130328.jpeg,0
.980_ 12122022 123445.jpeg,.980
-8.30_ 20122022 00333.jpeg,-8.30
40.0_ 25122022 00908.jpeg,40.0
22.0_ 25122022 01019.jpeg,22.0
-90.4_ 24122022 232817.jpeg,-90.4
10.11_ 19122022 230940.jpeg,10.11
-08.6_ 24122022 232800.jpeg,-08.6
.729_ 12122022 115912.jpeg,.729
.655_ 12122022 114809.jpeg,.655
8_ 12122022 125955.jpeg,8
.102_ 12122022 095330.jpeg,.102
0_ 12122022 130210binary.jpeg,0
.847_ 12122022 121632.jpeg,.847
-107.9_ 25122022 00343.jpeg,-107.9
-32.1_ 25122022 00235.jpeg,-32.1
.054_ 12122022 094745.jpeg,.054
52.8_ 25122022 00501.jpeg,52.8
-19.50_ 20122022 04621.jpeg,-19.50
.867_ 12122022 121941.jpeg,.867
.644_ 12122022 114629.jpeg,.644
118.9_ 24122022 232427.jpeg,118.9
.761_ 12122022 120415.jpeg,.761
.863_ 12122022 121859.jpeg,.863
.713_ 12122022 115654.jpeg,.713
1.04_ 19122022 222349.jpeg,1.04
-1.40_ 19122022 235348.jpeg,-1.40
-90.1_ 24122022 232734.jpeg,-90.1
2_ 12122022 125246.jpeg,2
.975_ 12122022 123416.jpeg,.975
.773_12122022 120545.jpeg,.773
1_ 12122022 124329.jpeg,1
-11.91_ 20122022 00922.jpeg,-11.91
-188.8_ 25122022 00212.jpeg,-188.8
.638_ 12122022 114548.jpeg,.638
.803_ 12122022 120939.jpeg,.803
.061_ 12122022 094832.jpeg,.061
133.7_ 25122022 00835.jpeg,133.7
10.61_ 19122022 230715.jpeg,10.61
-162.4_ 2412.42022 232745.jpeg,-162.4
17.70_ 19122022 224000.jpeg,17.70
3_ 12122022 130133.jpeg,3
.523_ 12122022 112211.jpeg,.523
.489_ 12122022 111645.jpeg,.489
-10.40_ 20122022 00033.jpeg,-10.40
.715_ 12122022 115710.jpeg,.715
-121.6_ 25122022 01210.jpeg,-121.6
0.64_ 19122022 220318.jpeg,0.64
171.2_ 24122022 230859.jpeg,171.2
3.40_ 19122022 233937.jpeg,3.40
-0.60_ 19122022 220231.jpeg,-0.60
.410_.jpeg,.410
-81.4_ 25122022 00229.jpeg,-81.4
.114_ 12122022 100500binary.jpeg,.114
8.90_ 19122022 231346.jpeg,8.90
.903_ 12122022 122420.jpeg,.903
3_ 12122022 130115.jpeg,3
.613_ 12122022 113717.jpeg,.613
12.20_ 19122022 230022.jpeg,12.20
-14.90_ 20122022 10110.jpeg,-14.90
.066_ 12122022 094906.jpeg,.066
0_ 12122022 130213.jpeg,0
.897_ 12122022 122323.jpeg,.897
.815_ 12122022 121215.jpeg,.815
.347_ 12122022 105834.jpeg,.347
.165_ 12122022 101633.jpeg,.165
-177.0_ 25122022 01149.jpeg,-177.0
.599_ 12122022 113130.jpeg,.599
.005_ 12122022 093101.jpeg,.005
83.0_ 25122022 01040.jpeg,83.0
3.80_ 19122022 233432.jpeg,3.80
-0.92_ 19122022 212304.jpeg,-0.92
.834_ 12122022 121455.jpeg,.834
.591_ 12122022 113021.jpeg,.591
171.4_ 24122022 230901.jpeg,171.4
-0.45_ 19122022 214620.jpeg,-0.45
6.80_ 19122022 232227.jpeg,6.80
.647_ 12122022 114654.jpeg,.647
-18.60_ 20122022 04303.jpeg,-18.60
.608_ 12122022 113453.jpeg,.608
0.16_ 19122022 205855.jpeg,0.16
.182_ 12122022 101915.jpeg,.182
.598_ 12122022 113110.jpeg,.598
.947_ 12122022 123057.jpeg,.947
6._ 12122022 124727.jpeg,6.
-8.60_ 20122022 01904.jpeg,-8.60
2_ 12122022 125317.jpeg,2
.033_ 12122022 094519.jpeg,.033
12.00_ 19122022 230043.jpeg,12.00
194.9_ 24122022 231144.jpeg,194.9
.393_ 12122022 110417.jpeg,.393
.862_ 12122022 121833.jpeg,.862
.047_ 12122022 094657.jpeg,.047
.122_ 12122022 100858.jpeg,.122
.646_ 12122022 114645.jpeg,.646
-09.8_ 24122022 232725.jpeg,-09.8
194.8_ 24122022 231146.jpeg,194.8
-7.00_ 20122022 02005.jpeg,-7.00
.386_ 12122022 110329.jpeg,.386
.553_ 12122022 112537.jpeg,.553
0.80_ 19122022 211327.jpeg,0.80
190.8_ 25122022 00554.jpeg,190.8
.848_ 12122022 121648.jpeg,.848
-182.7_ 25122022 01303.jpeg,-182.7
-5.20_ 20122022 03249.jpeg,-5.20
5.40_ 19122022 233015.jpeg,5.40
.225_ 12122022 102538.jpeg,.225
-166.0_ 25122022 01148.jpeg,-166.0
.560_ 12122022 112625.jpeg,.560
8_ 12122022 130001.jpeg,8
.245_ 12122022 102814.jpeg,.245
-14.70_ 20122022 10048.jpeg,-14.70
165.9_ 25122022 01056.jpeg,165.9
-16.90_ 20122022 05146binary.jpeg,-16.90
.562_ 12122022 112632.jpeg,.562
0.24_ 19122022 205808.jpeg,0.24
-13.20_ 20122022 00551binary.jpeg,-13.20
-139.8_ 25122022 01207.jpeg,-139.8
.221_ 12122022 102504.jpeg,.221
-12.20_ 20122022 01021.jpeg,-12.20
.845_ 12122022 121615.jpeg,.845
1.01_ 19122022 211702.jpeg,1.01
-0.64_ 19122022 220213.jpeg,-0.64
114.0_ 24122022 232400.jpeg,114.0
7.69_ 19122022 231954.jpeg,7.69
-18.10_ 20122022 04102.jpeg,-18.10
7_ 12122022 125053.jpeg,7
.298_ 12122022 105236.jpeg,.298
1_ 12122022 130533.jpeg,1
-175.0_ 25122022 00217.jpeg,-175.0
-38.7_ 25122022 00403.jpeg,-38.7
.630_ 12122022 114435.jpeg,.630
24.2_ 24122022 232550.jpeg,24.2
3_ 12122022 130117.jpeg,3
-186.0_ 25122022 01304.jpeg,-186.0
.176_ 12122022 101748.jpeg,.176
-15.8_ 25122022 00335.jpeg,-15.8
.756_ 12122022 120343.jpeg,.756
2.42_ 19122022 233637.jpeg,2.42
.966_ 12122022 123305.jpeg,.966
9_ 12122022 131152.jpeg,9
.303_ 12122022 105324.jpeg,.303
1.00_ 19122022 211708.jpeg,1.00
-0.82_ 19122022 221957.jpeg,-0.82
.406_ 12122022 110526.jpeg,.406
.234_ 12122022 102659.jpeg,.234
.494_ 12122022 111726.jpeg,.494
.883_ 12122022 122150.jpeg,.883
140.3_ 24122022 232345.jpeg,140.3
-15.50_ 20122022 10308.jpeg,-15.50
.799_ 12122022 120923.jpeg,.799
9.30_ 19122022 231236.jpeg,9.30
-14.00_ 20122022 05911.jpeg,-14.00
2._ 12122022 124554binary.jpeg,2.
4.60_ 19122022 233119.jpeg,4.60
.612_ 12122022 113542.jpeg,.612
-13.7_ 25122022 01231.jpeg,-13.7
-16.00_ 20122022 10456.jpeg,-16.00
.508_ 12122022 112027.jpeg,.508
158.3_ 24122022 232520.jpeg,158.3
37.6_ 25122022 00525.jpeg,37.6
.762_ 12122022 120423.jpeg,.762
-3.20_ 20122022 02842.jpeg,-3.20
.792_ 12122022 120827.jpeg,.792
0.69_ 19122022 211211.jpeg,0.69
.479_ 12122022 111512.jpeg,.479
3.30_ 19122022 234315.jpeg,3.30
.965_ 12122022 123258.jpeg,.965
10.1_ 25122022 01018.jpeg,10.1
3_ 12122022 130119.jpeg,3
9.70_ 19122022 231049.jpeg,9.70
60.1_ 24122022 230812.jpeg,60.1
26.4_ 24122022 232554.jpeg,26.4
-61.2_ 25122022 00202.jpeg,-61.2
-4.70_ 20122022 03328.jpeg,-4.70
30.1_ 24122022 232610.jpeg,30.1
0.98_ 19122022 211527.jpeg,0.98
17.30_ 19122022 224154.jpeg,17.30
.710_ 12122022 115630.jpeg,.710
.659_ 12122022 114842.jpeg,.659
-28.5_ 25122022 01234.jpeg,-28.5
-8.00_ 20122022 00253.jpeg,-8.00
3_ 12122022 130117binary.jpeg,3
0.45_.jpeg,0.45
4_ 12122022 130104.jpeg,4
-13.0_ 25122022 00158.jpeg,-13.0
.492_ 12122022 111713binary.jpeg,.492
.739_ 12122022 120026.jpeg,.739
.631_ 12122022 114443.jpeg,.631
-0.29_ 19122022 215357binary.jpeg,-0.29
-17.90_ 20122022 05819binary.jpeg,-17.90
.519_ 12122022 112144.jpeg,.519
0.55_ 19122022 210332binary.jpeg,0.55
19.94_ 19122022 222859.jpeg,19.94
.102_ 12122022 095337.jpeg,.102
.706_ 12122022 115605.jpeg,.706
.456_ 12122022 111234.jpeg,.456
.424_ 12122022 110855.jpeg,.424
-95.2_ 25122022 00205.jpeg,-95.2
144.8_ 25122022 00851.jpeg,144.8
6_ 12122022 125107.jpeg,6
.580_ 12122022 112913.jpeg,.580
.310_ 12122022 105411.jpeg,.310
.672_ 12122022 115112.jpeg,.672
.076_ 12122022 095021.jpeg,.076
-1.30_ 19122022 235408.jpeg,-1.30
.440_ 12122022 111045.jpeg,.440
.464_ 12122022 111329.jpeg,.464
.511_ 12122022 112048.jpeg,.511
-18.00_ 20122022 04051.jpeg,-18.00
5_ 12122022 130758.jpeg,5
10.3_ 25122022 01028.jpeg,10.3
-86.9_ 25122022 01247.jpeg,-86.9
-19.90_ 20122022 04815.jpeg,-19.90
.567_ 12122022 112713.jpeg,.567
-169.7_ 25122022 01307.jpeg,-169.7
12.4_ 25122022 00814.jpeg,12.4
22.3_ 25122022 00431.jpeg,22.3
.362_ 12122022 110038.jpeg,.362
25.2_ 24122022 232502.jpeg,25.2
1._ 12122022 123813.jpeg,1.
.094_ 12122022 095223.jpeg,.094
.155_ 12122022 101526.jpeg,.155
.278_ 12122022 103200binary.jpeg,.278
-70.7_ 25122022 00204.jpeg,-70.7
-1.04_ 19122022 222233.jpeg,-1.04
.009_ 12122022 092806.jpeg,.009
0.95_ 19122022 211549.jpeg,0.95
6_ 12122022 130037.jpeg,6
137.5_ 25122022 00533.jpeg,137.5
.128_ 12122022 100635binary.jpeg,.128
.529_ 12122022 112259.jpeg,.529
.004_ 12122022 092726.jpeg,.004
.668_ 12122022 115025.jpeg,.668
6.00_ 19122022 232403.jpeg,6.00
-63.9_ 24122022 232815.jpeg,-63.9
3_ 12122022 125204.jpeg,3
14.80_ 19122022 225103.jpeg,14.80
.071_ 12122022 094947.jpeg,.071
-22.5_ 24122022 232727.jpeg,-22.5
-2.70_ 20122022 03031.jpeg,-2.70
.350_ 12122022 105855.jpeg,.350
1_ 12122022 124325.jpeg,1
120.9_ 24122022 232600.jpeg,120.9
.441_ 12122022 111051.jpeg,.441
9_ 12122022 124954.jpeg,9
199.8_ 24122022 232028.jpeg,199.8
.180_ 12122022 101855.jpeg,.180
-44.1_ 25122022 01237.jpeg,-44.1
.577_ 12122022 112852.jpeg,.577
-41.7_ 25122022 00338.jpeg,-41.7
.001_ 12122022 112333binary.jpeg,.001
51.2_ 25122022 00502.jpeg,51.2
.104_ 12122022 095934.jpeg,.104
.277_ 12122022 103153.jpeg,.277
.617_ 12122022 113904.jpeg,.617
.923_ 12122022 122731.jpeg,.923
49.7_ 25122022 00437.jpeg,49.7
.836_ 12122022 121503.jpeg,.836
.507_ 12122022 112020.jpeg,.507
0.93_ 19122022 211600.jpeg,0.93
12.10_ 19122022 230033.jpeg,12.10
.865_ 12122022 121926.jpeg,.865
-0.78_ 19122022 221852.jpeg,-0.78
189.7_ 25122022 01107.jpeg,189.7
.018_ 12122022 094326.jpeg,.018
.255_ 12122022 102923.jpeg,.255
.110_ 12122022 100433.jpeg,.110
1.09_ 19122022 222538.jpeg,1.09
.757_ 12122022 120351binary.jpeg,.757
.637_ 12122022 114532.jpeg,.637
130.4_ 24122022 232516.jpeg,130.4
-5.70_ 20122022 03754.jpeg,-5.70
19.60_ 19122022 223045.jpeg,19.60
.939_ 12122022 122941.jpeg,.939
